safe_task_id,repository,task_type,page_type,entry_path,entry_page_extension,entry_page_path_depth,entry_page_bytes,entry_page_lines,entry_page_heading_count,entry_page_link_count,entry_page_toctree_count,no_doc_mean_recall_at_1,no_doc_mean_recall_at_3,no_doc_mean_recall_at_5,no_doc_mean_hit_at_1,no_doc_mean_reciprocal_rank,no_doc_mean_ndcg_at_3,no_doc_mean_returned_set_precision,no_doc_mean_returned_set_f1,no_doc_mean_prediction_count,no_doc_mean_wiki_tokens,no_doc_mean_wiki_bytes,no_doc_mean_wiki_read_count,no_doc_mean_unique_wiki_pages,no_doc_mean_beyond_entry_reads,no_doc_mean_page_1_tokens,no_doc_mean_page_2_tokens,no_doc_mean_page_3_tokens,no_doc_mean_page_4_tokens,no_doc_mean_page_5_tokens,no_doc_mean_first_page_share,no_doc_mean_source_action_count,no_doc_mean_unique_targeted_source_files,no_doc_mean_non_gold_files_before_gold_or_end,no_doc_mean_gold_seen_any,no_doc_mean_gold_seen_by_3_source_actions,no_doc_mean_gold_targeted_any,no_doc_mean_prediction_seen_fraction,no_doc_mean_provider_total_tokens,no_doc_mean_elapsed_seconds,no_doc_mean_agent_step_count,optional_mean_recall_at_1,optional_mean_recall_at_3,optional_mean_recall_at_5,optional_mean_hit_at_1,optional_mean_reciprocal_rank,optional_mean_ndcg_at_3,optional_mean_returned_set_precision,optional_mean_returned_set_f1,optional_mean_prediction_count,optional_mean_wiki_tokens,optional_mean_wiki_bytes,optional_mean_wiki_read_count,optional_mean_unique_wiki_pages,optional_mean_beyond_entry_reads,optional_mean_page_1_tokens,optional_mean_page_2_tokens,optional_mean_page_3_tokens,optional_mean_page_4_tokens,optional_mean_page_5_tokens,optional_mean_first_page_share,optional_mean_source_action_count,optional_mean_unique_targeted_source_files,optional_mean_non_gold_files_before_gold_or_end,optional_mean_gold_seen_any,optional_mean_gold_seen_by_3_source_actions,optional_mean_gold_targeted_any,optional_mean_prediction_seen_fraction,optional_mean_provider_total_tokens,optional_mean_elapsed_seconds,optional_mean_agent_step_count,required_mean_recall_at_1,required_mean_recall_at_3,required_mean_recall_at_5,required_mean_hit_at_1,required_mean_reciprocal_rank,required_mean_ndcg_at_3,required_mean_returned_set_precision,required_mean_returned_set_f1,required_mean_prediction_count,required_mean_wiki_tokens,required_mean_wiki_bytes,required_mean_wiki_read_count,required_mean_unique_wiki_pages,required_mean_beyond_entry_reads,required_mean_page_1_tokens,required_mean_page_2_tokens,required_mean_page_3_tokens,required_mean_page_4_tokens,required_mean_page_5_tokens,required_mean_first_page_share,required_mean_source_action_count,required_mean_unique_targeted_source_files,required_mean_non_gold_files_before_gold_or_end,required_mean_gold_seen_any,required_mean_gold_seen_by_3_source_actions,required_mean_gold_targeted_any,required_mean_prediction_seen_fraction,required_mean_provider_total_tokens,required_mean_elapsed_seconds,required_mean_agent_step_count,required_minus_optional_recall_at_1,required_minus_no_doc_recall_at_1,optional_minus_no_doc_recall_at_1,required_minus_optional_recall_at_3,required_minus_no_doc_recall_at_3,optional_minus_no_doc_recall_at_3,required_minus_optional_recall_at_5,required_minus_no_doc_recall_at_5,optional_minus_no_doc_recall_at_5,required_minus_optional_hit_at_1,required_minus_no_doc_hit_at_1,optional_minus_no_doc_hit_at_1,required_minus_optional_reciprocal_rank,required_minus_no_doc_reciprocal_rank,optional_minus_no_doc_reciprocal_rank,required_minus_optional_ndcg_at_3,required_minus_no_doc_ndcg_at_3,optional_minus_no_doc_ndcg_at_3,required_minus_optional_returned_set_precision,required_minus_no_doc_returned_set_precision,optional_minus_no_doc_returned_set_precision,required_minus_optional_returned_set_f1,required_minus_no_doc_returned_set_f1,optional_minus_no_doc_returned_set_f1,required_minus_optional_prediction_count,required_minus_no_doc_prediction_count,optional_minus_no_doc_prediction_count,required_minus_optional_elapsed_seconds,required_minus_no_doc_elapsed_seconds,optional_minus_no_doc_elapsed_seconds,required_minus_optional_agent_step_count,required_minus_no_doc_agent_step_count,optional_minus_no_doc_agent_step_count,required_minus_optional_provider_total_tokens,required_minus_no_doc_provider_total_tokens,optional_minus_no_doc_provider_total_tokens,required_minus_optional_source_action_count,required_minus_no_doc_source_action_count,optional_minus_no_doc_source_action_count
035b138f25c2c1b022a4d822c98e5564bf75f8727109d18ec3757ce8ec6dfd7a,sympy/sympy,NO_EXPLICIT_LOCATOR_CLUE,short_toctree_index,doc/src/index.rst,.rst,3,855,33,1,1,2,0.125,0.125,0.125,0.125,0.125,0.125,0.0625,0.08333333333333333,2.25,0.0,0.0,0.0,0.0,0.0,0.0,0.0,0.0,0.0,0.0,0.0,7.125,4.75,4.5,0.125,0.0,0.125,1.0,137069.625,73.224375,7.125,0.125,0.125,0.125,0.125,0.125,0.125,0.03125,0.05,2.625,0.0,0.0,0.0,0.0,0.0,0.0,0.0,0.0,0.0,0.0,0.0,7.5,5.125,4.25,0.125,0.0,0.125,1.0,134389.125,87.59,7.625,0.375,0.375,0.375,0.375,0.375,0.375,0.13541666666666666,0.19583333333333333,2.5,227.0,855.0,1.0,1.0,0.0,227.0,0.0,0.0,0.0,0.0,1.0,8.625,5.625,4.625,0.375,0.0,0.375,1.0,204436.625,109.295875,9.75,0.25,0.25,0.0,0.25,0.25,0.0,0.25,0.25,0.0,0.25,0.25,0.0,0.25,0.25,0.0,0.25,0.25,0.0,0.10416666666666666,0.07291666666666666,-0.03125,0.14583333333333331,0.1125,-0.033333333333333326,-0.125,0.25,0.375,21.705874999999992,36.0715,14.365625000000009,2.125,2.625,0.5,70047.5,67367.0,-2680.5,1.125,1.5,0.375
044192aba36df87b6d8ea26d1ebb98d2dff553ca47dd01141f1963c64e9f2eb3,huggingface/transformers,NO_EXPLICIT_LOCATOR_CLUE,large_reference_catalog,docs/source/en/index.mdx,.mdx,4,80751,424,5,383,0,0.625,1.0,1.0,0.625,0.7916666666666666,0.8452324383928644,0.375,0.5375,2.875,0.0,0.0,0.0,0.0,0.0,0.0,0.0,0.0,0.0,0.0,0.0,7.0,5.625,2.375,0.875,0.375,0.875,0.875,162602.0,113.76462500000001,7.0,0.875,1.0,1.0,0.875,0.9375,0.9538662191964322,0.34375,0.5041666666666667,3.125,0.0,0.0,0.0,0.0,0.0,0.0,0.0,0.0,0.0,0.0,0.0,7.75,6.125,3.125,1.0,0.375,1.0,1.0,136184.0,77.31325,7.75,0.875,1.0,1.0,0.875,0.9375,0.9538662191964322,0.3645833333333333,0.525,3.0,16995.0,58229.0,1.0,1.0,0.0,16995.0,0.0,0.0,0.0,0.0,1.0,9.25,6.0,2.125,1.0,0.75,1.0,1.0,258324.625,93.270375,10.5,0.0,0.25,0.25,0.0,0.0,0.0,0.0,0.0,0.0,0.0,0.25,0.25,0.0,0.14583333333333337,0.14583333333333337,0.0,0.10863378080356778,0.10863378080356778,0.020833333333333315,-0.010416666666666685,-0.03125,0.02083333333333337,-0.012499999999999956,-0.033333333333333326,-0.125,0.125,0.25,15.957125000000005,-20.494250000000008,-36.45137500000001,2.75,3.5,0.75,122140.625,95722.625,-26418.0,1.5,2.25,0.75
04ba06dd6719ec7d254ffc75b12bba3f4566331632d985653c1f8d172bfd4d90,sympy/sympy,EXPLICIT_LOCATOR_CLUE,short_toctree_index,doc/src/index.rst,.rst,3,835,32,1,1,2,1.0,1.0,1.0,1.0,1.0,1.0,0.625,0.75,1.75,0.0,0.0,0.0,0.0,0.0,0.0,0.0,0.0,0.0,0.0,0.0,2.625,2.375,0.875,0.875,0.875,0.75,0.875,41188.5,26.369625,2.625,1.0,1.0,1.0,1.0,1.0,1.0,0.5625,0.7083333333333333,1.875,0.0,0.0,0.0,0.0,0.0,0.0,0.0,0.0,0.0,0.0,0.0,3.625,2.75,0.875,0.875,0.75,0.75,0.875,52277.0,29.53325,3.625,1.0,1.0,1.0,1.0,1.0,1.0,0.5,0.6666666666666666,2.0,221.0,835.0,1.0,1.0,0.0,221.0,0.0,0.0,0.0,0.0,1.0,3.75,3.0,1.0,1.0,1.0,1.0,1.0,61661.375,32.845625,4.75,0.0,0.0,0.0,0.0,0.0,0.0,0.0,0.0,0.0,0.0,0.0,0.0,0.0,0.0,0.0,0.0,0.0,0.0,-0.0625,-0.125,-0.0625,-0.04166666666666663,-0.08333333333333337,-0.04166666666666674,0.125,0.25,0.125,3.3123749999999994,6.475999999999999,3.1636249999999997,1.125,2.125,1.0,9384.375,20472.875,11088.5,0.125,1.125,1.0
0b24962d613c09e850f5951cfad2f7ddd77f37f84219af4077db8391aa0c1c11,django/django,NO_EXPLICIT_LOCATOR_CLUE,detailed_topical_map,docs/index.txt,.txt,2,12351,346,17,5,0,0.5,0.9375,0.9375,1.0,1.0,0.9516433990956823,0.6041666666666666,0.7291666666666667,3.125,0.0,0.0,0.0,0.0,0.0,0.0,0.0,0.0,0.0,0.0,0.0,7.25,8.5,0.75,0.75,0.75,0.75,0.75,172551.125,76.97075,7.375,0.5,1.0,1.0,1.0,1.0,1.0,0.5625,0.7166666666666667,3.625,0.0,0.0,0.0,0.0,0.0,0.0,0.0,0.0,0.0,0.0,0.0,7.0,10.0,1.875,1.0,1.0,1.0,1.0,152396.0,76.715625,7.0,0.5,1.0,1.0,1.0,1.0,1.0,0.5416666666666666,0.7,3.75,2125.0,8404.0,1.0,1.0,0.0,2125.0,0.0,0.0,0.0,0.0,1.0,8.25,8.25,1.375,1.0,1.0,1.0,1.0,179003.25,120.46424999999999,9.5,0.0,0.0,0.0,0.0,0.0625,0.0625,0.0,0.0625,0.0625,0.0,0.0,0.0,0.0,0.0,0.0,0.0,0.048356600904317704,0.048356600904317704,-0.02083333333333337,-0.0625,-0.04166666666666663,-0.01666666666666672,-0.029166666666666785,-0.012500000000000067,0.125,0.625,0.5,43.74862499999999,43.4935,-0.2551249999999925,2.5,2.125,-0.375,26607.25,6452.125,-20155.125,1.25,1.0,-0.25
0b55f0844125151372b0f1ebe2651e9a3bf8a9b0a08d9ba4629ffc9c51da0289,django/django,NO_EXPLICIT_LOCATOR_CLUE,detailed_topical_map,docs/index.txt,.txt,2,12459,349,17,5,0,1.0,1.0,1.0,1.0,1.0,1.0,0.5,0.6666666666666666,2.0,0.0,0.0,0.0,0.0,0.0,0.0,0.0,0.0,0.0,0.0,0.0,4.125,3.0,1.0,1.0,0.875,1.0,1.0,76030.125,35.329875,4.125,1.0,1.0,1.0,1.0,1.0,1.0,0.5,0.6666666666666666,2.0,0.0,0.0,0.0,0.0,0.0,0.0,0.0,0.0,0.0,0.0,0.0,4.5,3.0,1.0,1.0,1.0,1.0,1.0,94970.625,42.27775,4.5,1.0,1.0,1.0,1.0,1.0,1.0,0.5,0.6666666666666666,2.0,2130.0,8392.0,1.0,1.0,0.0,2130.0,0.0,0.0,0.0,0.0,1.0,4.0,2.75,1.0,1.0,1.0,0.875,1.0,105333.25,39.71425,5.0,0.0,0.0,0.0,0.0,0.0,0.0,0.0,0.0,0.0,0.0,0.0,0.0,0.0,0.0,0.0,0.0,0.0,0.0,0.0,0.0,0.0,0.0,0.0,0.0,0.0,0.0,0.0,-2.5634999999999977,4.384374999999999,6.947874999999996,0.5,0.875,0.375,10362.625,29303.125,18940.5,-0.5,-0.125,0.375
1050fe4e32ba39b88e8a1990d6ef4f44288c576e1aba73020eb693c6c2c72197,sympy/sympy,EXPLICIT_LOCATOR_CLUE,short_toctree_index,doc/src/index.rst,.rst,3,835,32,1,1,2,1.0,1.0,1.0,1.0,1.0,1.0,0.4583333333333333,0.625,2.25,0.0,0.0,0.0,0.0,0.0,0.0,0.0,0.0,0.0,0.0,0.0,6.0,5.125,1.0,1.0,0.875,1.0,1.0,108171.0,54.375125,6.125,1.0,1.0,1.0,1.0,1.0,1.0,0.5,0.6666666666666666,2.0,0.0,0.0,0.0,0.0,0.0,0.0,0.0,0.0,0.0,0.0,0.0,5.625,5.25,1.375,1.0,0.625,1.0,1.0,107219.5,47.837625,5.75,1.0,1.0,1.0,1.0,1.0,1.0,0.5,0.6666666666666666,2.0,221.0,835.0,1.0,1.0,0.0,221.0,0.0,0.0,0.0,0.0,1.0,6.625,5.25,1.0,1.0,1.0,1.0,1.0,118337.0,58.304249999999996,7.625,0.0,0.0,0.0,0.0,0.0,0.0,0.0,0.0,0.0,0.0,0.0,0.0,0.0,0.0,0.0,0.0,0.0,0.0,0.0,0.041666666666666685,0.041666666666666685,0.0,0.04166666666666663,0.04166666666666663,0.0,-0.25,-0.25,10.466624999999993,3.929124999999999,-6.537499999999994,1.875,1.5,-0.375,11117.5,10166.0,-951.5,1.0,0.625,-0.375
115e58df025cbdaaa16e396a41fd970332aece5dad47d0750b5a121cee18ab82,sphinx-doc/sphinx,NO_EXPLICIT_LOCATOR_CLUE,short_toctree_index,doc/contents.rst,.rst,2,476,38,2,6,1,1.0,1.0,1.0,1.0,1.0,1.0,0.4375,0.6041666666666666,2.375,0.0,0.0,0.0,0.0,0.0,0.0,0.0,0.0,0.0,0.0,0.0,5.25,3.0,1.0,1.0,1.0,1.0,1.0,108653.5,42.396125,5.5,1.0,1.0,1.0,1.0,1.0,1.0,0.5,0.6666666666666666,2.0,0.0,0.0,0.0,0.0,0.0,0.0,0.0,0.0,0.0,0.0,0.0,4.125,2.75,1.0,1.0,1.0,0.875,1.0,70200.75,28.229875,4.125,1.0,1.0,1.0,1.0,1.0,1.0,0.4583333333333333,0.625,2.25,834.75,3304.75,1.25,1.5,0.25,135.0,699.75,0.0,0.0,0.0,0.7615404557817191,5.875,3.125,1.125,1.0,0.875,1.0,1.0,101937.625,46.394999999999996,7.25,0.0,0.0,0.0,0.0,0.0,0.0,0.0,0.0,0.0,0.0,0.0,0.0,0.0,0.0,0.0,0.0,0.0,0.0,-0.041666666666666685,0.020833333333333315,0.0625,-0.04166666666666663,0.02083333333333337,0.0625,0.25,-0.125,-0.375,18.165124999999996,3.998874999999998,-14.166249999999998,3.125,1.75,-1.375,31736.875,-6715.875,-38452.75,1.75,0.625,-1.125
1374695d2cb0c3b3571ba0d618f89628b5708d0ecf728200f2f61c23cd60f30a,matplotlib/matplotlib,NO_EXPLICIT_LOCATOR_CLUE,curated_navigation_hub,doc/index.rst,.rst,2,2684,111,9,4,0,0.5,0.5,0.5,1.0,1.0,0.6131471927654584,0.5416666666666666,0.5083333333333333,2.0,0.0,0.0,0.0,0.0,0.0,0.0,0.0,0.0,0.0,0.0,0.0,5.875,3.625,1.0,0.875,0.75,0.875,0.8333333333333334,104058.25,49.51525,5.875,0.5,0.5,0.5,1.0,1.0,0.6131471927654584,0.5625,0.5208333333333334,1.875,0.0,0.0,0.0,0.0,0.0,0.0,0.0,0.0,0.0,0.0,0.0,6.0,4.125,1.5,0.875,0.625,0.875,0.8125,102423.375,48.789625,6.0,0.5,0.5,0.5,1.0,1.0,0.6131471927654584,0.5,0.5,2.0,615.0,2684.0,1.0,1.0,0.0,615.0,0.0,0.0,0.0,0.0,1.0,5.625,4.375,1.75,1.0,0.875,1.0,1.0,107517.375,51.339125,6.75,0.0,0.0,0.0,0.0,0.0,0.0,0.0,0.0,0.0,0.0,0.0,0.0,0.0,0.0,0.0,0.0,0.0,0.0,-0.0625,-0.04166666666666663,0.02083333333333337,-0.02083333333333337,-0.008333333333333304,0.012500000000000067,0.125,0.0,-0.125,2.549500000000002,1.823875000000001,-0.7256250000000009,0.75,0.875,0.125,5094.0,3459.125,-1634.875,-0.375,-0.25,0.125
14bb6064c0064e6545e1f9f5f93bbe4effe82449aefff3f97b1984ddcbc6a979,sympy/sympy,EXPLICIT_LOCATOR_CLUE,short_toctree_index,doc/src/index.rst,.rst,3,821,31,1,1,2,1.0,1.0,1.0,1.0,1.0,1.0,0.5,0.6666666666666666,2.0,0.0,0.0,0.0,0.0,0.0,0.0,0.0,0.0,0.0,0.0,0.0,1.875,1.25,1.0,0.75,0.75,0.375,0.75,31019.0,18.390375,1.875,1.0,1.0,1.0,1.0,1.0,1.0,0.5,0.6666666666666666,2.0,0.0,0.0,0.0,0.0,0.0,0.0,0.0,0.0,0.0,0.0,0.0,1.375,1.375,0.875,0.375,0.375,0.375,0.375,24420.5,13.128625,1.375,1.0,1.0,1.0,1.0,1.0,1.0,0.5,0.6666666666666666,2.0,223.0,821.0,1.0,1.0,0.0,223.0,0.0,0.0,0.0,0.0,1.0,2.375,2.375,1.25,0.875,0.875,0.75,0.875,43341.25,23.353125,3.375,0.0,0.0,0.0,0.0,0.0,0.0,0.0,0.0,0.0,0.0,0.0,0.0,0.0,0.0,0.0,0.0,0.0,0.0,0.0,0.0,0.0,0.0,0.0,0.0,0.0,0.0,0.0,10.224499999999999,4.96275,-5.261749999999999,2.0,1.5,-0.5,18920.75,12322.25,-6598.5,1.0,0.5,-0.5
1614b6f0d8b3fc17d99b22c577ba355ac029a31e680532161c6f67fdb7e1402c,sphinx-doc/sphinx,EXPLICIT_LOCATOR_CLUE,short_toctree_index,doc/contents.rst,.rst,2,476,38,2,6,1,1.0,1.0,1.0,1.0,1.0,1.0,0.4791666666666667,0.6458333333333333,2.125,0.0,0.0,0.0,0.0,0.0,0.0,0.0,0.0,0.0,0.0,0.0,7.5,6.5,2.5,1.0,0.625,1.0,1.0,171437.5,59.56275,7.625,1.0,1.0,1.0,1.0,1.0,1.0,0.4583333333333333,0.625,2.25,0.0,0.0,0.0,0.0,0.0,0.0,0.0,0.0,0.0,0.0,0.0,7.625,6.625,2.25,1.0,0.75,1.0,1.0,178558.0,67.05875,7.875,1.0,1.0,1.0,1.0,1.0,1.0,0.41666666666666663,0.5833333333333333,2.5,135.0,476.0,1.0,1.0,0.0,135.0,0.0,0.0,0.0,0.0,1.0,9.375,6.25,1.875,1.0,0.875,1.0,1.0,208658.875,78.957375,10.625,0.0,0.0,0.0,0.0,0.0,0.0,0.0,0.0,0.0,0.0,0.0,0.0,0.0,0.0,0.0,0.0,0.0,0.0,-0.041666666666666685,-0.06250000000000006,-0.02083333333333337,-0.04166666666666674,-0.0625,-0.02083333333333326,0.25,0.375,0.125,11.898624999999996,19.394624999999998,7.496000000000002,2.75,3.0,0.25,30100.875,37221.375,7120.5,1.75,1.875,0.125
173164ddb934982c81f63abea67e47b32ebe876dc953246985d1481ec297b508,django/django,EXPLICIT_LOCATOR_CLUE,detailed_topical_map,docs/index.txt,.txt,2,12344,347,17,5,0,1.0,1.0,1.0,1.0,1.0,1.0,0.5,0.6666666666666666,2.0,0.0,0.0,0.0,0.0,0.0,0.0,0.0,0.0,0.0,0.0,0.0,5.375,4.625,1.0,1.0,1.0,1.0,1.0,89464.5,46.763875,5.5,1.0,1.0,1.0,1.0,1.0,1.0,0.5,0.6666666666666666,2.0,0.0,0.0,0.0,0.0,0.0,0.0,0.0,0.0,0.0,0.0,0.0,5.875,5.25,1.625,1.0,0.875,1.0,1.0,109553.0,50.6395,5.875,1.0,1.0,1.0,1.0,1.0,1.0,0.5,0.6666666666666666,2.0,2128.0,8396.0,1.0,1.0,0.0,2128.0,0.0,0.0,0.0,0.0,1.0,6.625,5.25,1.0,1.0,1.0,1.0,1.0,138388.0,62.184625,7.625,0.0,0.0,0.0,0.0,0.0,0.0,0.0,0.0,0.0,0.0,0.0,0.0,0.0,0.0,0.0,0.0,0.0,0.0,0.0,0.0,0.0,0.0,0.0,0.0,0.0,0.0,0.0,11.545124999999999,15.420749999999998,3.8756249999999994,1.75,2.125,0.375,28835.0,48923.5,20088.5,0.75,1.25,0.5
1941e4a386f323779d89cf1a197b1e0f76de45350d037b23d6154b646aaa4433,huggingface/transformers,EXPLICIT_LOCATOR_CLUE,large_reference_catalog,docs/source/en/index.md,.md,4,41855,342,4,285,0,1.0,1.0,1.0,1.0,1.0,1.0,0.53125,0.6749999999999999,2.125,0.0,0.0,0.0,0.0,0.0,0.0,0.0,0.0,0.0,0.0,0.0,4.375,2.125,1.125,0.875,0.75,0.625,0.875,78099.5,35.9555,4.375,1.0,1.0,1.0,1.0,1.0,1.0,0.6875,0.7916666666666666,1.625,0.0,0.0,0.0,0.0,0.0,0.0,0.0,0.0,0.0,0.0,0.0,3.625,2.25,1.125,0.625,0.125,0.5,0.625,68020.0,29.91375,3.625,1.0,1.0,1.0,1.0,1.0,1.0,0.5,0.6666666666666666,2.0,6041.0,28436.0,1.0,1.0,0.0,6041.0,0.0,0.0,0.0,0.0,1.0,6.0,3.0,1.25,1.0,0.875,1.0,1.0,156192.75,43.607625,7.0,0.0,0.0,0.0,0.0,0.0,0.0,0.0,0.0,0.0,0.0,0.0,0.0,0.0,0.0,0.0,0.0,0.0,0.0,-0.1875,-0.03125,0.15625,-0.125,-0.008333333333333304,0.1166666666666667,0.375,-0.125,-0.5,13.693874999999998,7.652124999999998,-6.04175,3.375,2.625,-0.75,88172.75,78093.25,-10079.5,2.375,1.625,-0.75
1a9df07288d64f9ca112d1f12d1a59bac54e70e9967144d5621e35137b7116ad,django/django,NO_EXPLICIT_LOCATOR_CLUE,detailed_topical_map,docs/index.txt,.txt,2,12351,346,17,5,0,1.0,1.0,1.0,1.0,1.0,1.0,0.5,0.6666666666666666,2.0,0.0,0.0,0.0,0.0,0.0,0.0,0.0,0.0,0.0,0.0,0.0,5.0,2.875,1.0,0.875,0.75,0.875,0.875,101581.625,42.478125,5.0,1.0,1.0,1.0,1.0,1.0,1.0,0.5,0.6666666666666666,2.0,0.0,0.0,0.0,0.0,0.0,0.0,0.0,0.0,0.0,0.0,0.0,6.375,4.375,1.625,1.0,1.0,1.0,1.0,141823.5,56.756875,6.375,1.0,1.0,1.0,1.0,1.0,1.0,0.5,0.6666666666666666,2.0,2125.0,8404.0,1.0,1.0,0.0,2125.0,0.0,0.0,0.0,0.0,1.0,7.25,4.125,1.25,1.0,1.0,1.0,1.0,180801.875,61.361875,8.25,0.0,0.0,0.0,0.0,0.0,0.0,0.0,0.0,0.0,0.0,0.0,0.0,0.0,0.0,0.0,0.0,0.0,0.0,0.0,0.0,0.0,0.0,0.0,0.0,0.0,0.0,0.0,4.604999999999997,18.88375,14.278750000000002,1.875,3.25,1.375,38978.375,79220.25,40241.875,0.875,2.25,1.375
2596fd779c8cadcfccfe5a727a23905638fdd6a164599b3f7c06f039e6753f24,sympy/sympy,NO_EXPLICIT_LOCATOR_CLUE,short_toctree_index,doc/src/index.rst,.rst,3,835,32,1,1,2,0.75,0.75,0.75,0.75,0.75,0.75,0.3541666666666667,0.47916666666666663,2.125,0.0,0.0,0.0,0.0,0.0,0.0,0.0,0.0,0.0,0.0,0.0,8.625,8.875,6.125,0.75,0.125,0.75,1.0,164024.75,73.980375,8.625,0.5,0.5,0.5,0.5,0.5,0.5,0.21875,0.3,2.25,0.0,0.0,0.0,0.0,0.0,0.0,0.0,0.0,0.0,0.0,0.0,6.625,8.125,6.875,0.5,0.0,0.5,1.0,123442.0,64.337,6.75,0.75,0.75,0.75,0.75,0.75,0.75,0.375,0.5,2.0,221.0,835.0,1.0,1.0,0.0,221.0,0.0,0.0,0.0,0.0,1.0,9.0,8.125,4.875,0.75,0.375,0.75,1.0,163864.375,81.16325,10.0,0.25,0.0,-0.25,0.25,0.0,-0.25,0.25,0.0,-0.25,0.25,0.0,-0.25,0.25,0.0,-0.25,0.25,0.0,-0.25,0.15625,0.020833333333333315,-0.13541666666666669,0.2,0.02083333333333337,-0.17916666666666664,-0.25,-0.125,0.125,16.82625,7.18287500000001,-9.643374999999992,3.25,1.375,-1.875,40422.375,-160.375,-40582.75,2.375,0.375,-2.0
2afc89aff6224cd5c839d363c21634e9017d2aee8b82ff2bb8e6569e63e9162c,sympy/sympy,EXPLICIT_LOCATOR_CLUE,short_toctree_index,doc/src/index.rst,.rst,3,1848,63,7,7,1,1.0,1.0,1.0,1.0,1.0,1.0,0.5,0.6666666666666666,2.0,0.0,0.0,0.0,0.0,0.0,0.0,0.0,0.0,0.0,0.0,0.0,3.875,2.75,1.125,1.0,1.0,0.875,0.9375,56640.5,29.878249999999998,3.875,1.0,1.0,1.0,1.0,1.0,1.0,0.5,0.6666666666666666,2.0,0.0,0.0,0.0,0.0,0.0,0.0,0.0,0.0,0.0,0.0,0.0,4.0,3.0,1.25,1.0,1.0,1.0,1.0,55700.375,29.737,4.0,1.0,1.0,1.0,1.0,1.0,1.0,0.5,0.6666666666666666,2.0,441.375,2060.75,1.125,1.125,0.125,378.0,63.375,0.0,0.0,0.0,0.9283898305084746,5.5,2.875,1.0,1.0,0.875,1.0,1.0,72338.5,53.08275,6.625,0.0,0.0,0.0,0.0,0.0,0.0,0.0,0.0,0.0,0.0,0.0,0.0,0.0,0.0,0.0,0.0,0.0,0.0,0.0,0.0,0.0,0.0,0.0,0.0,0.0,0.0,0.0,23.34575,23.2045,-0.14124999999999943,2.625,2.75,0.125,16638.125,15698.0,-940.125,1.5,1.625,0.125
2c4b80478acb7f16c5ceccf23a74604aaf468f883744c7f8713d5d82934b564d,django/django,EXPLICIT_LOCATOR_CLUE,detailed_topical_map,docs/index.txt,.txt,2,12344,347,17,5,0,1.0,1.0,1.0,1.0,1.0,1.0,0.5625,0.7083333333333333,1.875,0.0,0.0,0.0,0.0,0.0,0.0,0.0,0.0,0.0,0.0,0.0,2.875,2.75,0.875,0.75,0.75,0.625,0.75,40132.0,24.088375,2.875,1.0,1.0,1.0,1.0,1.0,1.0,0.4791666666666667,0.6458333333333333,2.125,0.0,0.0,0.0,0.0,0.0,0.0,0.0,0.0,0.0,0.0,0.0,3.625,3.25,1.125,0.875,0.875,0.75,0.8333333333333334,53317.5,34.358875,3.75,1.0,1.0,1.0,1.0,1.0,1.0,0.5,0.6666666666666666,2.0,2424.0,9665.0,1.125,1.125,0.125,2241.125,182.875,0.0,0.0,0.0,0.9490740740740741,4.25,4.25,1.5,1.0,1.0,1.0,1.0,73015.625,39.484875,5.375,0.0,0.0,0.0,0.0,0.0,0.0,0.0,0.0,0.0,0.0,0.0,0.0,0.0,0.0,0.0,0.0,0.0,0.0,0.020833333333333315,-0.0625,-0.08333333333333331,0.02083333333333337,-0.04166666666666663,-0.0625,-0.125,0.125,0.25,5.126000000000005,15.396500000000003,10.270499999999998,1.625,2.5,0.875,19698.125,32883.625,13185.5,0.625,1.375,0.75
2f8638e31d0c4bcfec6368fc2f78fc192dd1f3523c4b34e6ab4ec168733b7980,sympy/sympy,EXPLICIT_LOCATOR_CLUE,short_toctree_index,doc/src/index.rst,.rst,3,820,31,1,1,2,1.0,1.0,1.0,1.0,1.0,1.0,0.5,0.6666666666666666,2.0,0.0,0.0,0.0,0.0,0.0,0.0,0.0,0.0,0.0,0.0,0.0,3.75,2.625,1.0,1.0,1.0,0.75,1.0,55371.75,26.55325,3.75,1.0,1.0,1.0,1.0,1.0,1.0,0.5,0.6666666666666666,2.0,0.0,0.0,0.0,0.0,0.0,0.0,0.0,0.0,0.0,0.0,0.0,5.125,4.25,1.0,1.0,1.0,0.875,1.0,90922.5,37.773875,5.125,1.0,1.0,1.0,1.0,1.0,1.0,0.5,0.6666666666666666,2.0,406.5,1429.5,1.125,1.25,0.125,223.0,183.5,0.0,0.0,0.0,0.8914843287995269,3.875,3.375,1.125,1.0,1.0,0.875,1.0,64896.5,38.0525,5.0,0.0,0.0,0.0,0.0,0.0,0.0,0.0,0.0,0.0,0.0,0.0,0.0,0.0,0.0,0.0,0.0,0.0,0.0,0.0,0.0,0.0,0.0,0.0,0.0,0.0,0.0,0.0,0.27862500000000523,11.499250000000004,11.220624999999998,-0.125,1.25,1.375,-26026.0,9524.75,35550.75,-1.25,0.125,1.375
336187d1636949a96971cfbf8b23759e11090db34ad2e485701f8269cc137f37,django/django,NO_EXPLICIT_LOCATOR_CLUE,detailed_topical_map,docs/index.txt,.txt,2,12417,347,17,5,0,1.0,1.0,1.0,1.0,1.0,1.0,0.5625,0.7083333333333333,1.875,0.0,0.0,0.0,0.0,0.0,0.0,0.0,0.0,0.0,0.0,0.0,3.75,2.625,1.125,0.875,0.875,0.875,0.875,61145.375,28.79075,3.75,1.0,1.0,1.0,1.0,1.0,1.0,0.5,0.6666666666666666,2.0,60.375,283.625,0.125,0.125,0.125,60.375,0.0,0.0,0.0,0.0,0.125,4.875,4.125,1.875,1.0,0.875,1.0,1.0,89161.25,35.511875,5.0,1.0,1.0,1.0,1.0,1.0,1.0,0.5,0.6666666666666666,2.0,2142.0,8469.0,1.0,1.0,0.0,2142.0,0.0,0.0,0.0,0.0,1.0,4.125,3.125,1.125,1.0,0.875,1.0,1.0,88769.75,31.74825,5.125,0.0,0.0,0.0,0.0,0.0,0.0,0.0,0.0,0.0,0.0,0.0,0.0,0.0,0.0,0.0,0.0,0.0,0.0,0.0,-0.0625,-0.0625,0.0,-0.04166666666666663,-0.04166666666666663,0.0,0.125,0.125,-3.7636250000000047,2.9574999999999996,6.721125000000004,0.125,1.375,1.25,-391.5,27624.375,28015.875,-0.75,0.375,1.125
336bd23262acaf6dde47864f16679f98e64f5dfacdc8a933d36c1906f41666fd,django/django,EXPLICIT_LOCATOR_CLUE,detailed_topical_map,docs/index.txt,.txt,2,12351,346,17,5,0,1.0,1.0,1.0,1.0,1.0,1.0,0.4791666666666667,0.6458333333333333,2.125,0.0,0.0,0.0,0.0,0.0,0.0,0.0,0.0,0.0,0.0,0.0,8.125,6.0,1.0,1.0,1.0,1.0,0.9583333333333334,197979.0,85.12825000000001,8.125,1.0,1.0,1.0,1.0,1.0,1.0,0.4791666666666667,0.6458333333333333,2.125,0.0,0.0,0.0,0.0,0.0,0.0,0.0,0.0,0.0,0.0,0.0,9.75,8.5,2.0,1.0,1.0,1.0,1.0,230832.75,117.864875,9.75,1.0,1.0,1.0,1.0,1.0,1.0,0.4583333333333333,0.625,2.25,2195.25,8806.0,1.125,1.25,0.25,1859.375,335.875,0.0,0.0,0.0,0.7836240681278193,8.0,6.75,1.375,1.0,0.875,1.0,1.0,223425.875,97.892375,9.25,0.0,0.0,0.0,0.0,0.0,0.0,0.0,0.0,0.0,0.0,0.0,0.0,0.0,0.0,0.0,0.0,0.0,0.0,-0.02083333333333337,-0.02083333333333337,0.0,-0.02083333333333326,-0.02083333333333326,0.0,0.125,0.125,0.0,-19.972499999999997,12.764124999999993,32.73662499999999,-0.5,1.125,1.625,-7406.875,25446.875,32853.75,-1.75,-0.125,1.625
34b3d9dea0b5bb4f98d0a5bcc20cf523d99c2296cba096f4c4fad8b69cf4f008,ansible/ansible,NO_EXPLICIT_LOCATOR_CLUE,curated_navigation_hub,docs/docsite/rst/index.rst,.rst,4,3697,94,2,0,9,0.5,0.5,0.5,1.0,1.0,0.6131471927654584,0.5,0.5,2.0,0.0,0.0,0.0,0.0,0.0,0.0,0.0,0.0,0.0,0.0,0.0,6.125,3.875,1.0,1.0,1.0,1.0,1.0,117299.875,46.843,6.125,0.5,0.5,0.5,1.0,1.0,0.6131471927654584,0.5,0.5,2.0,0.0,0.0,0.0,0.0,0.0,0.0,0.0,0.0,0.0,0.0,0.0,6.375,3.625,1.125,1.0,1.0,1.0,1.0,107171.75,47.885125,6.375,0.5,0.5,0.5,1.0,1.0,0.6131471927654584,0.4791666666666667,0.4875,2.125,824.0,3697.0,1.0,1.0,0.0,824.0,0.0,0.0,0.0,0.0,1.0,7.0,4.375,1.375,1.0,1.0,1.0,0.9583333333333334,123509.0,52.221625,8.0,0.0,0.0,0.0,0.0,0.0,0.0,0.0,0.0,0.0,0.0,0.0,0.0,0.0,0.0,0.0,0.0,0.0,0.0,-0.020833333333333315,-0.020833333333333315,0.0,-0.012500000000000011,-0.012500000000000011,0.0,0.125,0.125,0.0,4.336500000000001,5.3786249999999995,1.0421249999999986,1.625,1.875,0.25,16337.25,6209.125,-10128.125,0.625,0.875,0.25
39a107184ef03a4b09e2f4622b0006fc0a9adffd4796dce8b249fe9acebc6d00,sympy/sympy,NO_EXPLICIT_LOCATOR_CLUE,short_toctree_index,doc/src/index.rst,.rst,3,815,32,1,1,2,1.0,1.0,1.0,1.0,1.0,1.0,0.6875,0.7916666666666666,1.625,0.0,0.0,0.0,0.0,0.0,0.0,0.0,0.0,0.0,0.0,0.0,2.625,1.5,1.125,0.875,0.75,0.25,0.875,41002.5,20.13025,2.75,0.875,0.875,0.875,0.875,0.875,0.875,0.5625,0.6666666666666666,1.625,0.0,0.0,0.0,0.0,0.0,0.0,0.0,0.0,0.0,0.0,0.0,2.625,1.75,0.875,0.875,0.875,0.375,0.875,40466.375,19.501,2.625,1.0,1.0,1.0,1.0,1.0,1.0,0.6875,0.7916666666666666,1.625,219.0,815.0,1.0,1.0,0.0,219.0,0.0,0.0,0.0,0.0,1.0,2.625,2.0,1.5,1.0,1.0,0.25,1.0,47038.0,28.228749999999998,3.625,0.125,0.0,-0.125,0.125,0.0,-0.125,0.125,0.0,-0.125,0.125,0.0,-0.125,0.125,0.0,-0.125,0.125,0.0,-0.125,0.125,0.0,-0.125,0.125,0.0,-0.125,0.0,0.0,0.0,8.727749999999997,8.098499999999998,-0.629249999999999,1.0,0.875,-0.125,6571.625,6035.5,-536.125,0.0,0.0,0.0
3b9b1aae840f3c8cb36e3ee58b42266730d0b5b0a7ba1c5aad17a6f4587bce35,django/django,NO_EXPLICIT_LOCATOR_CLUE,detailed_topical_map,docs/index.txt,.txt,2,12351,346,17,5,0,1.0,1.0,1.0,1.0,1.0,1.0,0.5,0.6666666666666666,2.0,0.0,0.0,0.0,0.0,0.0,0.0,0.0,0.0,0.0,0.0,0.0,8.625,5.25,1.125,1.0,1.0,1.0,1.0,204769.75,68.110125,8.625,1.0,1.0,1.0,1.0,1.0,1.0,0.4791666666666667,0.6458333333333333,2.125,0.0,0.0,0.0,0.0,0.0,0.0,0.0,0.0,0.0,0.0,0.0,6.75,4.75,1.5,1.0,0.875,1.0,1.0,134844.125,59.991125000000004,6.75,1.0,1.0,1.0,1.0,1.0,1.0,0.5,0.6666666666666666,2.0,2125.0,8404.0,1.0,1.0,0.0,2125.0,0.0,0.0,0.0,0.0,1.0,7.625,4.75,1.0,1.0,0.875,1.0,1.0,156740.75,65.66775,8.625,0.0,0.0,0.0,0.0,0.0,0.0,0.0,0.0,0.0,0.0,0.0,0.0,0.0,0.0,0.0,0.0,0.0,0.0,0.020833333333333315,0.0,-0.020833333333333315,0.02083333333333337,0.0,-0.02083333333333337,-0.125,0.0,0.125,5.676624999999994,-2.4423749999999984,-8.118999999999993,1.875,0.0,-1.875,21896.625,-48029.0,-69925.625,0.875,-1.0,-1.875
3b9ba4e3a9d5dc6704afad56fbe2b5852578322b41d54a7d73a778ddf55610b4,sphinx-doc/sphinx,EXPLICIT_LOCATOR_CLUE,short_toctree_index,doc/contents.rst,.rst,2,494,39,2,6,1,1.0,1.0,1.0,1.0,1.0,1.0,0.4375,0.6041666666666666,2.375,0.0,0.0,0.0,0.0,0.0,0.0,0.0,0.0,0.0,0.0,0.0,6.5,5.5,1.0,1.0,0.875,1.0,1.0,135208.25,55.384,6.5,1.0,1.0,1.0,1.0,1.0,1.0,0.3958333333333333,0.5625,2.625,0.0,0.0,0.0,0.0,0.0,0.0,0.0,0.0,0.0,0.0,0.0,6.75,6.375,1.5,1.0,0.75,1.0,1.0,168166.625,69.132625,7.0,1.0,1.0,1.0,1.0,1.0,1.0,0.4583333333333333,0.625,2.25,139.0,494.0,1.0,1.0,0.0,139.0,0.0,0.0,0.0,0.0,1.0,8.625,5.625,1.0,1.0,1.0,1.0,1.0,195075.125,79.072625,9.875,0.0,0.0,0.0,0.0,0.0,0.0,0.0,0.0,0.0,0.0,0.0,0.0,0.0,0.0,0.0,0.0,0.0,0.0,0.0625,0.020833333333333315,-0.041666666666666685,0.0625,0.02083333333333337,-0.04166666666666663,-0.375,-0.125,0.25,9.939999999999998,23.688625000000002,13.748625000000004,2.875,3.375,0.5,26908.5,59866.875,32958.375,1.875,2.125,0.25
3c4a065300196d16f6a0a1499c0e66dbf75bbae5528f52ae5fbe8baa189ffea5,django/django,EXPLICIT_LOCATOR_CLUE,detailed_topical_map,docs/index.txt,.txt,2,12351,346,17,5,0,1.0,1.0,1.0,1.0,1.0,1.0,0.4583333333333333,0.625,2.25,0.0,0.0,0.0,0.0,0.0,0.0,0.0,0.0,0.0,0.0,0.0,6.125,6.5,1.5,1.0,1.0,1.0,0.9583333333333334,112539.125,55.194874999999996,6.125,1.0,1.0,1.0,1.0,1.0,1.0,0.4791666666666667,0.6458333333333333,2.125,0.0,0.0,0.0,0.0,0.0,0.0,0.0,0.0,0.0,0.0,0.0,6.25,6.875,2.125,1.0,0.75,0.875,1.0,113419.625,52.3775,6.25,1.0,1.0,1.0,1.0,1.0,1.0,0.4791666666666667,0.6458333333333333,2.125,2125.0,8404.0,1.0,1.0,0.0,2125.0,0.0,0.0,0.0,0.0,1.0,7.625,6.875,1.75,1.0,0.625,1.0,1.0,154359.5,110.351875,8.625,0.0,0.0,0.0,0.0,0.0,0.0,0.0,0.0,0.0,0.0,0.0,0.0,0.0,0.0,0.0,0.0,0.0,0.0,0.0,0.02083333333333337,0.02083333333333337,0.0,0.02083333333333326,0.02083333333333326,0.0,-0.125,-0.125,57.97437500000001,55.15700000000001,-2.8173749999999984,2.375,2.5,0.125,40939.875,41820.375,880.5,1.375,1.5,0.125
4232d01b35d739cd350227afcb1943e9c03c85237da9bc5645eb2d552a742978,django/django,NO_EXPLICIT_LOCATOR_CLUE,detailed_topical_map,docs/index.txt,.txt,2,12500,350,17,5,0,1.0,1.0,1.0,1.0,1.0,1.0,0.2708333333333333,0.42500000000000004,3.75,0.0,0.0,0.0,0.0,0.0,0.0,0.0,0.0,0.0,0.0,0.0,5.625,7.625,1.5,1.0,0.875,1.0,1.0,112096.0,52.431875,5.875,0.875,0.875,0.875,0.875,0.875,0.875,0.21875,0.35000000000000003,3.875,250.0,1039.75,0.25,0.375,0.25,250.0,0.0,0.0,0.0,0.0,0.25,5.0,6.5,1.125,0.875,0.875,0.75,0.84375,112805.5,47.564125,5.25,1.0,1.0,1.0,1.0,1.0,1.0,0.2604166666666667,0.41250000000000003,3.875,2597.5,10104.5,1.375,1.75,0.375,2128.0,335.875,133.625,0.0,0.0,0.8853144650893465,5.625,7.375,1.375,1.0,1.0,1.0,0.96875,145106.0,61.136,7.0,0.125,0.0,-0.125,0.125,0.0,-0.125,0.125,0.0,-0.125,0.125,0.0,-0.125,0.125,0.0,-0.125,0.125,0.0,-0.125,0.041666666666666685,-0.01041666666666663,-0.052083333333333315,0.0625,-0.012500000000000011,-0.07500000000000001,0.0,0.125,0.125,13.571875000000006,8.704125000000005,-4.867750000000001,1.75,1.125,-0.625,32300.5,33010.0,709.5,0.625,0.0,-0.625
4247d1d64cd8d914a0c11bdc11e306ca01609c76bd981504adf1692bb8aa9bd7,ansible/ansible,EXPLICIT_LOCATOR_CLUE,curated_navigation_hub,docs/docsite/rst/core_index.rst,.rst,4,4566,99,2,0,7,0.3333333333333333,0.6666666666666666,0.6666666666666666,1.0,1.0,0.7346393630113782,0.47916666666666663,0.5470238095238095,4.125,0.0,0.0,0.0,0.0,0.0,0.0,0.0,0.0,0.0,0.0,0.0,8.625,8.125,1.0,1.0,0.875,1.0,1.0,176977.0,71.717375,8.625,0.3333333333333333,0.6666666666666666,0.6666666666666666,1.0,1.0,0.7346393630113782,0.5604166666666667,0.5925595238095238,3.625,0.0,0.0,0.0,0.0,0.0,0.0,0.0,0.0,0.0,0.0,0.0,8.25,7.375,1.125,1.0,0.625,1.0,1.0,174257.5,69.242375,8.25,0.3333333333333333,0.5833333333333333,0.75,1.0,1.0,0.652938566775601,0.575,0.6437499999999999,3.875,996.0,4566.0,1.0,1.0,0.0,996.0,0.0,0.0,0.0,0.0,1.0,9.625,8.875,1.0,1.0,0.875,1.0,1.0,204790.125,84.9085,10.625,0.0,0.0,0.0,-0.08333333333333337,-0.08333333333333337,0.0,0.08333333333333337,0.08333333333333337,0.0,0.0,0.0,0.0,0.0,0.0,0.0,-0.0817007962357772,-0.0817007962357772,0.0,0.014583333333333282,0.09583333333333333,0.08125000000000004,0.05119047619047612,0.09672619047619047,0.045535714285714346,0.25,-0.25,-0.5,15.666125000000008,13.191125,-2.4750000000000085,2.375,2.0,-0.375,30532.625,27813.125,-2719.5,1.375,1.0,-0.375
4cef8eecf2a578b1d2e0347bc86432babf8638629f2e913b47bbd3704afee1d8,sphinx-doc/sphinx,EXPLICIT_LOCATOR_CLUE,short_toctree_index,doc/contents.rst,.rst,2,476,38,2,6,1,0.5,0.5625,0.5625,1.0,1.0,0.6615037936697761,0.5,0.525,2.375,0.0,0.0,0.0,0.0,0.0,0.0,0.0,0.0,0.0,0.0,0.0,10.375,9.625,0.875,0.875,0.875,0.875,0.875,202538.125,85.441125,10.5,0.5,0.5625,0.5625,1.0,1.0,0.6514688923132995,0.4583333333333333,0.5,2.5,0.0,0.0,0.0,0.0,0.0,0.0,0.0,0.0,0.0,0.0,0.0,9.75,9.625,1.0,1.0,1.0,1.0,1.0,250972.875,93.67625,10.0,0.5,0.6875,0.6875,1.0,1.0,0.7281122914089818,0.5104166666666666,0.5791666666666667,2.75,372.25,1380.25,1.125,1.25,0.125,135.0,237.25,0.0,0.0,0.0,0.8833005410723069,9.875,9.75,1.25,1.0,1.0,1.0,1.0,247872.5,104.4355,11.25,0.0,0.0,0.0,0.125,0.125,0.0,0.125,0.125,0.0,0.0,0.0,0.0,0.0,0.0,0.0,0.0766433990956823,0.06660849773920574,-0.010034901356476555,0.052083333333333315,0.01041666666666663,-0.041666666666666685,0.07916666666666672,0.054166666666666696,-0.025000000000000022,0.25,0.375,0.125,10.759250000000009,18.994375000000005,8.235124999999996,1.25,0.75,-0.5,-3100.375,45334.375,48434.75,0.125,-0.5,-0.625
51a21eb933973737e7ea45232e398cb7b6eb9fc6141e60781f0b7f272cf6580e,ansible/ansible,NO_EXPLICIT_LOCATOR_CLUE,curated_navigation_hub,docs/docsite/rst/index.rst,.rst,4,4128,105,2,0,10,0.0,0.0,0.0,0.0,0.0,0.0,0.0,0.0,1.125,0.0,0.0,0.0,0.0,0.0,0.0,0.0,0.0,0.0,0.0,0.0,8.5,7.375,1.0,1.0,0.375,1.0,1.0,180943.5,70.6585,8.75,0.0,0.0,0.0,0.0,0.0,0.0,0.0,0.0,1.125,0.0,0.0,0.0,0.0,0.0,0.0,0.0,0.0,0.0,0.0,0.0,6.875,6.25,1.25,0.875,0.375,0.75,0.875,143411.125,60.309125,7.125,0.0,0.0,0.0,0.0,0.0,0.0,0.0,0.0,1.25,940.0,4128.0,1.0,1.0,0.0,940.0,0.0,0.0,0.0,0.0,1.0,8.625,7.125,1.125,1.0,0.625,1.0,0.9375,186989.875,79.872,9.875,0.0,0.0,0.0,0.0,0.0,0.0,0.0,0.0,0.0,0.0,0.0,0.0,0.0,0.0,0.0,0.0,0.0,0.0,0.0,0.0,0.0,0.0,0.0,0.0,0.125,0.125,0.0,19.562875,9.213499999999996,-10.349375000000002,2.75,1.125,-1.625,43578.75,6046.375,-37532.375,1.75,0.125,-1.625
529f159996de8d2fe23b3f6666b2cd5bdf45a9a471781da032071a78d84b54d9,huggingface/transformers,NO_EXPLICIT_LOCATOR_CLUE,large_reference_catalog,docs/source/index.rst,.rst,3,48220,644,6,0,7,0.875,0.875,0.875,0.875,0.875,0.875,0.3854166666666667,0.5291666666666667,2.25,0.0,0.0,0.0,0.0,0.0,0.0,0.0,0.0,0.0,0.0,0.0,5.0,4.125,1.875,0.875,0.5,0.875,0.8333333333333334,79723.0,57.11125,5.125,0.75,0.75,0.75,0.75,0.75,0.75,0.3229166666666667,0.4458333333333333,2.125,0.0,0.0,0.0,0.0,0.0,0.0,0.0,0.0,0.0,0.0,0.0,4.625,3.625,1.375,0.75,0.625,0.75,0.75,77542.25,59.879875,4.625,1.0,1.0,1.0,1.0,1.0,1.0,0.4270833333333333,0.5916666666666667,2.5,5189.5,18952.5,1.0,1.0,0.0,5189.5,0.0,0.0,0.0,0.0,1.0,6.75,5.75,2.875,1.0,0.625,1.0,1.0,137118.75,71.3,7.75,0.25,0.125,-0.125,0.25,0.125,-0.125,0.25,0.125,-0.125,0.25,0.125,-0.125,0.25,0.125,-0.125,0.25,0.125,-0.125,0.10416666666666663,0.04166666666666663,-0.0625,0.14583333333333337,0.0625,-0.08333333333333337,0.375,0.25,-0.125,11.420124999999999,14.188749999999999,2.768625,3.125,2.625,-0.5,59576.5,57395.75,-2180.75,2.125,1.75,-0.375
574c3223489f48cfc33865cb0e04ee3649fe2b4e60de54fe0a630cb806cbe1c7,matplotlib/matplotlib,NO_EXPLICIT_LOCATOR_CLUE,curated_navigation_hub,doc/index.rst,.rst,2,2455,104,9,4,0,1.0,1.0,1.0,1.0,1.0,1.0,0.5,0.6666666666666666,2.0,0.0,0.0,0.0,0.0,0.0,0.0,0.0,0.0,0.0,0.0,0.0,6.875,5.5,2.0,1.0,0.625,1.0,1.0,144652.75,64.72725,7.125,1.0,1.0,1.0,1.0,1.0,1.0,0.5,0.6666666666666666,2.0,350.375,1231.5,0.125,0.375,0.125,350.375,0.0,0.0,0.0,0.0,0.125,7.625,7.0,2.25,1.0,0.875,1.0,1.0,176354.25,66.936125,7.75,1.0,1.0,1.0,1.0,1.0,1.0,0.5,0.6666666666666666,2.0,669.5,2843.5,1.125,1.25,0.125,558.0,111.5,0.0,0.0,0.0,0.9231034482758621,8.5,5.875,2.25,1.0,0.875,1.0,1.0,157712.625,70.333,9.75,0.0,0.0,0.0,0.0,0.0,0.0,0.0,0.0,0.0,0.0,0.0,0.0,0.0,0.0,0.0,0.0,0.0,0.0,0.0,0.0,0.0,0.0,0.0,0.0,0.0,0.0,0.0,3.3968749999999943,5.6057500000000005,2.208875000000006,2.0,2.625,0.625,-18641.625,13059.875,31701.5,0.875,1.625,0.75
5b19f7f8d560dc0e2a174aa3d0d5695c839b918da1670658cc4bab4ea7987046,django/django,EXPLICIT_LOCATOR_CLUE,detailed_topical_map,docs/index.txt,.txt,2,12351,346,17,5,0,1.0,1.0,1.0,1.0,1.0,1.0,0.4791666666666667,0.6458333333333333,2.125,0.0,0.0,0.0,0.0,0.0,0.0,0.0,0.0,0.0,0.0,0.0,6.125,5.375,1.0,1.0,1.0,1.0,1.0,127874.0,45.9815,6.125,1.0,1.0,1.0,1.0,1.0,1.0,0.46875,0.6333333333333333,2.25,0.0,0.0,0.0,0.0,0.0,0.0,0.0,0.0,0.0,0.0,0.0,5.25,5.25,1.125,1.0,1.0,1.0,1.0,86552.125,42.65675,5.25,1.0,1.0,1.0,1.0,1.0,1.0,0.5,0.6666666666666666,2.0,2125.0,8404.0,1.0,1.0,0.0,2125.0,0.0,0.0,0.0,0.0,1.0,5.875,6.625,1.5,1.0,1.0,1.0,1.0,141889.875,54.093875,6.875,0.0,0.0,0.0,0.0,0.0,0.0,0.0,0.0,0.0,0.0,0.0,0.0,0.0,0.0,0.0,0.0,0.0,0.0,0.03125,0.020833333333333315,-0.010416666666666685,0.033333333333333326,0.02083333333333337,-0.012499999999999956,-0.25,-0.125,0.125,11.437124999999995,8.112375,-3.3247499999999945,1.625,0.75,-0.875,55337.75,14015.875,-41321.875,0.625,-0.25,-0.875
5b4783e91a983b3c52ff25234086a488dd56a015e977695b5560c882abe462fc,huggingface/transformers,NO_EXPLICIT_LOCATOR_CLUE,large_reference_catalog,docs/source/en/index.md,.md,4,41855,342,4,285,0,0.125,0.5,0.5,0.125,0.2708333333333333,0.3288662191964322,0.1875,0.2708333333333333,2.375,0.0,0.0,0.0,0.0,0.0,0.0,0.0,0.0,0.0,0.0,0.0,5.75,5.25,1.25,1.0,1.0,1.0,1.0,133687.5,62.137625,5.875,0.375,0.75,0.75,0.375,0.5416666666666666,0.5952324383928644,0.3020833333333333,0.425,2.5,0.0,0.0,0.0,0.0,0.0,0.0,0.0,0.0,0.0,0.0,0.0,5.375,4.75,1.25,0.875,0.875,0.75,0.875,143112.375,72.13875,5.5,0.25,0.75,0.75,0.25,0.4791666666666667,0.5490986575892965,0.28125,0.4041666666666667,2.625,6407.75,30113.375,1.125,1.0,0.0,6042.0,365.75,0.0,0.0,0.0,0.9592161016949152,8.375,7.0,1.5,1.0,0.875,1.0,1.0,280981.75,100.158625,9.5,-0.125,0.125,0.25,0.0,0.25,0.25,0.0,0.25,0.25,-0.125,0.125,0.25,-0.062499999999999944,0.20833333333333337,0.2708333333333333,-0.04613378080356789,0.22023243839286433,0.2663662191964322,-0.020833333333333315,0.09375,0.11458333333333331,-0.020833333333333315,0.13333333333333336,0.15416666666666667,0.125,0.25,0.125,28.019875,38.021,10.001125000000002,4.0,3.625,-0.375,137869.375,147294.25,9424.875,3.0,2.625,-0.375
5c51fe1712e3952c00bd70530fb295bfb38ef14631da295ba4d30f400b769705,django/django,NO_EXPLICIT_LOCATOR_CLUE,detailed_topical_map,docs/index.txt,.txt,2,12351,346,17,5,0,1.0,1.0,1.0,1.0,1.0,1.0,0.41666666666666663,0.5833333333333333,2.5,0.0,0.0,0.0,0.0,0.0,0.0,0.0,0.0,0.0,0.0,0.0,8.375,6.25,1.25,1.0,0.875,1.0,1.0,214269.375,71.433125,8.375,1.0,1.0,1.0,1.0,1.0,1.0,0.4791666666666667,0.6458333333333333,2.125,0.0,0.0,0.0,0.0,0.0,0.0,0.0,0.0,0.0,0.0,0.0,8.875,7.25,1.625,1.0,0.875,1.0,1.0,199328.25,85.55775,8.875,1.0,1.0,1.0,1.0,1.0,1.0,0.41666666666666663,0.5833333333333333,2.5,2125.0,8404.0,1.0,1.0,0.0,2125.0,0.0,0.0,0.0,0.0,1.0,10.75,6.0,1.0,1.0,1.0,1.0,1.0,201753.875,82.599375,11.75,0.0,0.0,0.0,0.0,0.0,0.0,0.0,0.0,0.0,0.0,0.0,0.0,0.0,0.0,0.0,0.0,0.0,0.0,-0.06250000000000006,0.0,0.06250000000000006,-0.0625,0.0,0.0625,0.375,0.0,-0.375,-2.9583750000000038,11.166249999999991,14.124624999999995,2.875,3.375,0.5,2425.625,-12515.5,-14941.125,1.875,2.375,0.5
5f4441855a6bd0cd2f3d0265605ce4776dcc7d4e839999e862b00a89bc6c09f1,huggingface/transformers,EXPLICIT_LOCATOR_CLUE,large_reference_catalog,docs/source/en/index.md,.md,4,38379,316,4,259,0,1.0,1.0,1.0,1.0,1.0,1.0,0.3958333333333333,0.5625,2.625,0.0,0.0,0.0,0.0,0.0,0.0,0.0,0.0,0.0,0.0,0.0,6.5,4.75,1.0,1.0,1.0,0.875,0.9375,89889.25,46.091125,6.5,1.0,1.0,1.0,1.0,1.0,1.0,0.4583333333333333,0.6041666666666666,2.5,0.0,0.0,0.0,0.0,0.0,0.0,0.0,0.0,0.0,0.0,0.0,5.25,5.125,1.5,0.875,0.75,0.875,0.875,102387.625,47.926125,5.25,1.0,1.0,1.0,1.0,1.0,1.0,0.375,0.5416666666666666,2.75,5953.25,28109.0,1.0,1.0,0.0,5953.25,0.0,0.0,0.0,0.0,1.0,6.75,5.625,1.0,1.0,1.0,1.0,1.0,179547.125,60.07925,7.75,0.0,0.0,0.0,0.0,0.0,0.0,0.0,0.0,0.0,0.0,0.0,0.0,0.0,0.0,0.0,0.0,0.0,0.0,-0.08333333333333331,-0.020833333333333315,0.0625,-0.0625,-0.02083333333333337,0.04166666666666663,0.25,0.125,-0.125,12.153125000000003,13.988125000000004,1.8350000000000009,2.5,1.25,-1.25,77159.5,89657.875,12498.375,1.5,0.25,-1.25
65596398b551ea275ad8449406a3f8a1929cce93c9f5a06fd736ef1b8aa1c4ed,sphinx-doc/sphinx,NO_EXPLICIT_LOCATOR_CLUE,short_toctree_index,doc/contents.rst,.rst,2,494,39,2,6,1,0.041666666666666664,0.3333333333333333,0.375,0.125,0.4375,0.30237087585935485,0.23750000000000002,0.2901785714285714,4.375,0.0,0.0,0.0,0.0,0.0,0.0,0.0,0.0,0.0,0.0,0.0,14.875,10.5,1.125,1.0,1.0,1.0,1.0,366591.125,151.55675,15.25,0.041666666666666664,0.4583333333333333,0.4583333333333333,0.125,0.5625,0.40572127397724345,0.3,0.36160714285714285,4.5,0.0,0.0,0.0,0.0,0.0,0.0,0.0,0.0,0.0,0.0,0.0,10.5,9.875,1.25,1.0,1.0,1.0,1.0,314606.5,137.5085,10.875,0.08333333333333333,0.375,0.375,0.25,0.5625,0.36103071661219943,0.24375000000000002,0.29464285714285715,4.375,139.0,494.0,1.0,1.0,0.0,139.0,0.0,0.0,0.0,0.0,1.0,13.875,9.75,1.125,1.0,1.0,1.0,1.0,340187.875,157.179125,15.0,0.041666666666666664,0.041666666666666664,0.0,-0.08333333333333331,0.041666666666666685,0.125,-0.08333333333333331,0.0,0.08333333333333331,0.125,0.125,0.0,0.0,0.125,0.125,-0.044690557365044015,0.05865984075284458,0.1033503981178886,-0.05624999999999997,0.0062500000000000056,0.06249999999999997,-0.0669642857142857,0.004464285714285754,0.07142857142857145,-0.125,0.0,0.125,19.670625,5.622375000000005,-14.048249999999996,4.125,-0.25,-4.375,25581.375,-26403.25,-51984.625,3.375,-1.0,-4.375
65f6471ca8c6a918aee0f279a66f354fd00b6b40763b0308f4e534e6e07541aa,sympy/sympy,NO_EXPLICIT_LOCATOR_CLUE,short_toctree_index,doc/src/index.rst,.rst,3,835,32,1,1,2,0.375,0.375,0.375,0.375,0.375,0.375,0.16666666666666666,0.22916666666666666,3.375,0.0,0.0,0.0,0.0,0.0,0.0,0.0,0.0,0.0,0.0,0.0,22.0,14.75,10.0,0.625,0.125,0.375,1.0,668604.25,239.00900000000001,22.0,0.375,0.375,0.375,0.375,0.375,0.375,0.14583333333333331,0.20833333333333331,3.375,0.0,0.0,0.0,0.0,0.0,0.0,0.0,0.0,0.0,0.0,0.0,19.125,14.75,8.875,0.625,0.375,0.375,0.96875,455385.875,187.271875,19.125,0.5,0.5,0.5,0.5,0.5,0.5,0.1875,0.2708333333333333,2.75,221.0,835.0,1.0,1.0,0.0,221.0,0.0,0.0,0.0,0.0,1.0,22.75,15.5,14.375,0.5,0.0,0.5,1.0,652819.75,283.61725,24.0,0.125,0.125,0.0,0.125,0.125,0.0,0.125,0.125,0.0,0.125,0.125,0.0,0.125,0.125,0.0,0.125,0.125,0.0,0.041666666666666685,0.020833333333333343,-0.020833333333333343,0.0625,0.04166666666666666,-0.020833333333333343,-0.625,-0.625,0.0,96.34537500000002,44.60825,-51.73712500000002,4.875,2.0,-2.875,197433.875,-15784.5,-213218.375,3.625,0.75,-2.875
69bf954d4a913e0bf2104803ea5fb7b6afc22f6419501c40e662b72933aa9377,sympy/sympy,NO_EXPLICIT_LOCATOR_CLUE,short_toctree_index,doc/src/index.rst,.rst,3,835,32,1,1,2,0.875,0.875,0.875,0.875,0.875,0.875,0.4375,0.5833333333333333,2.0,0.0,0.0,0.0,0.0,0.0,0.0,0.0,0.0,0.0,0.0,0.0,4.75,5.125,1.25,0.875,0.75,0.875,0.875,78472.875,41.53975,4.75,1.0,1.0,1.0,1.0,1.0,1.0,0.4479166666666667,0.6124999999999999,2.375,0.0,0.0,0.0,0.0,0.0,0.0,0.0,0.0,0.0,0.0,0.0,6.625,6.625,1.75,1.0,0.875,1.0,1.0,122767.25,55.672125,6.625,1.0,1.0,1.0,1.0,1.0,1.0,0.5,0.6666666666666666,2.0,221.0,835.0,1.0,1.0,0.0,221.0,0.0,0.0,0.0,0.0,1.0,7.0,6.25,1.5,1.0,0.875,1.0,1.0,139132.625,65.386125,8.0,0.0,0.125,0.125,0.0,0.125,0.125,0.0,0.125,0.125,0.0,0.125,0.125,0.0,0.125,0.125,0.0,0.125,0.125,0.052083333333333315,0.0625,0.010416666666666685,0.054166666666666696,0.08333333333333337,0.029166666666666674,-0.375,0.0,0.375,9.714000000000006,23.84637500000001,14.132375000000003,1.375,3.25,1.875,16365.375,60659.75,44294.375,0.375,2.25,1.875
69c0370ce09e845adf9d8809862e0239b8b98cd8d9ef3e556bebe3eb9d4104ae,django/django,EXPLICIT_LOCATOR_CLUE,detailed_topical_map,docs/index.txt,.txt,2,12351,346,17,5,0,1.0,1.0,1.0,1.0,1.0,1.0,0.5,0.6666666666666666,2.0,0.0,0.0,0.0,0.0,0.0,0.0,0.0,0.0,0.0,0.0,0.0,3.625,1.875,1.0,0.875,0.875,0.5,0.9375,58777.875,28.085625,3.875,1.0,1.0,1.0,1.0,1.0,1.0,0.5625,0.7083333333333333,1.875,0.625,1.5,0.125,0.25,0.125,0.625,0.0,0.0,0.0,0.0,0.125,4.125,3.0,1.25,1.0,0.875,0.75,1.0,63378.25,36.170125,4.25,1.0,1.0,1.0,1.0,1.0,1.0,0.4791666666666667,0.6458333333333333,2.125,2102.0,8316.0,1.0,1.0,0.0,2102.0,0.0,0.0,0.0,0.0,1.0,4.125,3.875,1.5,1.0,1.0,0.875,1.0,79950.875,40.079625,5.375,0.0,0.0,0.0,0.0,0.0,0.0,0.0,0.0,0.0,0.0,0.0,0.0,0.0,0.0,0.0,0.0,0.0,0.0,-0.08333333333333331,-0.020833333333333315,0.0625,-0.0625,-0.02083333333333337,0.04166666666666663,0.25,0.125,-0.125,3.9095000000000013,11.994,8.084499999999998,1.125,1.5,0.375,16572.625,21173.0,4600.375,0.0,0.5,0.5
6e8d60650ab401128126cc0bea48067c1b6ffc6d0c9d79a09ed7d195d913ead3,django/django,EXPLICIT_LOCATOR_CLUE,detailed_topical_map,docs/index.txt,.txt,2,12351,346,17,5,0,1.0,1.0,1.0,1.0,1.0,1.0,0.5625,0.7083333333333333,1.875,0.0,0.0,0.0,0.0,0.0,0.0,0.0,0.0,0.0,0.0,0.0,5.375,3.875,1.0,0.875,0.875,0.875,0.875,95387.0,44.327625,5.375,1.0,1.0,1.0,1.0,1.0,1.0,0.5,0.6666666666666666,2.0,0.0,0.0,0.0,0.0,0.0,0.0,0.0,0.0,0.0,0.0,0.0,6.0,6.5,1.625,1.0,0.875,1.0,1.0,132658.125,51.60875,6.0,1.0,1.0,1.0,1.0,1.0,1.0,0.5,0.6666666666666666,2.0,2102.0,8316.0,1.0,1.0,0.0,2102.0,0.0,0.0,0.0,0.0,1.0,7.875,6.5,1.125,1.0,1.0,1.0,1.0,163740.25,78.743625,8.875,0.0,0.0,0.0,0.0,0.0,0.0,0.0,0.0,0.0,0.0,0.0,0.0,0.0,0.0,0.0,0.0,0.0,0.0,0.0,-0.0625,-0.0625,0.0,-0.04166666666666663,-0.04166666666666663,0.0,0.125,0.125,27.134874999999994,34.416,7.281125000000003,2.875,3.5,0.625,31082.125,68353.25,37271.125,1.875,2.5,0.625
705f225fb1ca4296b1b4a6f28e2cc4654b80ece69f87e408548a674055840b0b,django/django,NO_EXPLICIT_LOCATOR_CLUE,detailed_topical_map,docs/index.txt,.txt,2,12754,360,18,5,0,1.0,1.0,1.0,1.0,1.0,1.0,0.4583333333333333,0.625,2.25,31.375,124.375,0.25,0.25,0.25,20.0,11.375,0.0,0.0,0.0,0.0796812749003984,6.0,4.375,1.0,1.0,1.0,0.75,0.9583333333333334,113672.875,53.94925,6.25,1.0,1.0,1.0,1.0,1.0,1.0,0.5,0.6666666666666666,2.0,0.0,0.0,0.0,0.0,0.0,0.0,0.0,0.0,0.0,0.0,0.0,5.875,5.5,1.5,1.0,1.0,1.0,1.0,119846.125,50.188375,5.875,1.0,1.0,1.0,1.0,1.0,1.0,0.41666666666666663,0.5833333333333333,2.5,2129.0,8384.0,1.0,1.0,0.0,2129.0,0.0,0.0,0.0,0.0,1.0,5.375,4.875,1.0,1.0,1.0,1.0,1.0,126985.75,61.174375,6.75,0.0,0.0,0.0,0.0,0.0,0.0,0.0,0.0,0.0,0.0,0.0,0.0,0.0,0.0,0.0,0.0,0.0,0.0,-0.08333333333333337,-0.041666666666666685,0.041666666666666685,-0.08333333333333337,-0.04166666666666674,0.04166666666666663,0.5,0.25,-0.25,10.985999999999997,7.2251249999999985,-3.7608749999999986,0.875,0.5,-0.375,7139.625,13312.875,6173.25,-0.5,-0.625,-0.125
77398713157586d7db5b495d55887206d3425a8a05c95059cdeaf3ccc16eb0f7,sympy/sympy,NO_EXPLICIT_LOCATOR_CLUE,short_toctree_index,doc/src/index.rst,.rst,3,848,33,1,1,2,0.625,0.625,0.625,0.625,0.625,0.625,0.23958333333333331,0.3416666666666667,2.625,0.0,0.0,0.0,0.0,0.0,0.0,0.0,0.0,0.0,0.0,0.0,17.125,9.25,2.125,0.875,0.875,0.75,1.0,413393.625,158.135875,17.375,0.5,0.5,0.5,0.5,0.5,0.5,0.17708333333333331,0.2583333333333333,2.625,0.0,0.0,0.0,0.0,0.0,0.0,0.0,0.0,0.0,0.0,0.0,18.0,9.0,2.75,0.875,0.625,0.75,1.0,355884.625,140.95575,18.125,0.625,0.625,0.75,0.625,0.65625,0.625,0.22291666666666665,0.3416666666666667,3.25,226.0,848.0,1.0,1.0,0.0,226.0,0.0,0.0,0.0,0.0,1.0,14.625,9.5,4.5,0.875,0.375,0.875,0.975,381562.25,162.554625,16.125,0.125,0.0,-0.125,0.125,0.0,-0.125,0.25,0.125,-0.125,0.125,0.0,-0.125,0.15625,0.03125,-0.125,0.125,0.0,-0.125,0.04583333333333334,-0.016666666666666663,-0.0625,0.08333333333333337,0.0,-0.08333333333333337,0.625,0.625,0.0,21.598874999999992,4.418749999999989,-17.180125000000004,-2.0,-1.25,0.75,25677.625,-31831.375,-57509.0,-3.375,-2.5,0.875
78b9dd097fc5d0e2cb9ae04ea10dd10824e1821517daf8de20e03515b375a703,huggingface/transformers,NO_EXPLICIT_LOCATOR_CLUE,large_reference_catalog,docs/source/en/index.md,.md,4,39577,325,4,268,0,0.25,0.375,0.375,0.25,0.3125,0.3288662191964322,0.13541666666666666,0.19583333333333333,2.5,0.0,0.0,0.0,0.0,0.0,0.0,0.0,0.0,0.0,0.0,0.0,6.125,6.625,2.875,1.0,0.625,0.875,1.0,110044.25,57.2225,6.125,0.125,0.625,0.625,0.125,0.3125,0.3913662191964322,0.20208333333333334,0.3,2.875,0.0,0.0,0.0,0.0,0.0,0.0,0.0,0.0,0.0,0.0,0.0,5.5,6.125,3.875,0.875,0.375,0.875,0.875,95434.625,51.842,5.5,0.25,0.25,0.25,0.25,0.25,0.25,0.125,0.16666666666666666,2.0,5131.5,24211.5,0.875,0.875,0.0,5131.5,0.0,0.0,0.0,0.0,0.875,7.875,7.375,4.0,0.875,0.375,0.875,1.0,172933.75,66.580625,8.75,0.125,0.0,-0.125,-0.375,-0.125,0.25,-0.375,-0.125,0.25,0.125,0.0,-0.125,-0.0625,-0.0625,0.0,-0.14136621919643222,-0.07886621919643222,0.0625,-0.07708333333333334,-0.010416666666666657,0.06666666666666668,-0.13333333333333333,-0.029166666666666674,0.10416666666666666,-0.875,-0.5,0.375,14.738624999999999,9.358125000000001,-5.380499999999998,3.25,2.625,-0.625,77499.125,62889.5,-14609.625,2.375,1.75,-0.625
7aa5bacd30b9b550d3aa643b7f105c8f8d81a3acb32cbe45bd857deb33ec118a,django/django,EXPLICIT_LOCATOR_CLUE,detailed_topical_map,docs/index.txt,.txt,2,12351,346,17,5,0,1.0,1.0,1.0,1.0,1.0,1.0,0.75,0.8333333333333333,1.5,96.375,398.625,0.125,0.125,0.125,96.375,0.0,0.0,0.0,0.0,0.125,3.25,2.625,0.75,0.75,0.75,0.75,0.75,47390.375,25.98125,3.375,1.0,1.0,1.0,1.0,1.0,1.0,0.625,0.75,1.75,0.0,0.0,0.0,0.0,0.0,0.0,0.0,0.0,0.0,0.0,0.0,4.5,3.75,1.125,0.875,0.75,0.875,0.875,67508.0,37.37375,4.5,1.0,1.0,1.0,1.0,1.0,1.0,0.5,0.6666666666666666,2.0,1836.375,7265.5,0.875,0.875,0.0,1836.375,0.0,0.0,0.0,0.0,0.875,4.125,4.375,1.125,1.0,1.0,0.875,1.0,80524.875,35.72525,5.125,0.0,0.0,0.0,0.0,0.0,0.0,0.0,0.0,0.0,0.0,0.0,0.0,0.0,0.0,0.0,0.0,0.0,0.0,-0.125,-0.25,-0.125,-0.08333333333333337,-0.16666666666666663,-0.08333333333333326,0.25,0.5,0.25,-1.6484999999999985,9.744000000000003,11.392500000000002,0.625,1.75,1.125,13016.875,33134.5,20117.625,-0.375,0.875,1.25
858a1cb4eac7b6ea9cf4e883623f219cfaf9b5fcfcb942eec931dd5cb71fbc6e,ansible/ansible,NO_EXPLICIT_LOCATOR_CLUE,curated_navigation_hub,docs/docsite/rst/index.rst,.rst,4,3904,105,2,0,10,1.0,1.0,1.0,1.0,1.0,1.0,0.32291666666666663,0.4875,3.125,0.0,0.0,0.0,0.0,0.0,0.0,0.0,0.0,0.0,0.0,0.0,4.75,4.0,1.0,1.0,1.0,1.0,1.0,75789.75,39.036375,5.25,1.0,1.0,1.0,1.0,1.0,1.0,0.32291666666666663,0.4875,3.125,0.0,0.0,0.0,0.0,0.0,0.0,0.0,0.0,0.0,0.0,0.0,5.625,4.25,1.0,1.0,1.0,0.875,0.9375,80722.5,45.45675,6.375,1.0,1.0,1.0,1.0,1.0,1.0,0.375,0.5416666666666666,2.75,896.375,3957.0,1.125,1.125,0.125,882.0,14.375,0.0,0.0,0.0,0.9855817452357071,6.875,4.75,1.125,1.0,1.0,1.0,1.0,124815.875,59.018750000000004,9.125,0.0,0.0,0.0,0.0,0.0,0.0,0.0,0.0,0.0,0.0,0.0,0.0,0.0,0.0,0.0,0.0,0.0,0.0,0.05208333333333337,0.05208333333333337,0.0,0.05416666666666664,0.05416666666666664,0.0,-0.375,-0.375,0.0,13.562000000000005,19.982375000000005,6.420375,2.75,3.875,1.125,44093.375,49026.125,4932.75,1.25,2.125,0.875
881e8822bd7b9f8ae92b346d36a2a37785398dcf6e21f4ce113fa8ac0a3b4ea9,matplotlib/matplotlib,EXPLICIT_LOCATOR_CLUE,curated_navigation_hub,doc/index.rst,.rst,2,2689,111,9,5,0,1.0,1.0,1.0,1.0,1.0,1.0,0.5625,0.7083333333333333,1.875,0.0,0.0,0.0,0.0,0.0,0.0,0.0,0.0,0.0,0.0,0.0,3.75,2.375,0.875,0.875,0.75,0.75,0.875,61245.25,27.6575,3.75,1.0,1.0,1.0,1.0,1.0,1.0,0.6875,0.7916666666666666,1.625,0.0,0.0,0.0,0.0,0.0,0.0,0.0,0.0,0.0,0.0,0.0,4.25,2.25,0.875,0.75,0.375,0.75,0.75,64563.5,33.77625,4.25,1.0,1.0,1.0,1.0,1.0,1.0,0.5,0.6666666666666666,2.0,619.0,2689.0,1.0,1.0,0.0,619.0,0.0,0.0,0.0,0.0,1.0,5.5,3.875,1.0,1.0,0.875,1.0,1.0,92292.0,43.589375,6.5,0.0,0.0,0.0,0.0,0.0,0.0,0.0,0.0,0.0,0.0,0.0,0.0,0.0,0.0,0.0,0.0,0.0,0.0,-0.1875,-0.0625,0.125,-0.125,-0.04166666666666663,0.08333333333333337,0.375,0.125,-0.25,9.813125,15.931874999999998,6.118749999999999,2.25,2.75,0.5,27728.5,31046.75,3318.25,1.25,1.75,0.5
8e89164329dba2d7841ca0d07709c3811bc0dd7ab0851cf59c8afcf1a7f1b03b,sympy/sympy,EXPLICIT_LOCATOR_CLUE,short_toctree_index,doc/src/index.rst,.rst,3,1518,60,5,5,2,1.0,1.0,1.0,1.0,1.0,1.0,0.4583333333333333,0.625,2.25,0.0,0.0,0.0,0.0,0.0,0.0,0.0,0.0,0.0,0.0,0.0,6.375,4.375,1.0,1.0,1.0,1.0,1.0,118153.375,57.427,6.375,1.0,1.0,1.0,1.0,1.0,1.0,0.5,0.6666666666666666,2.0,0.0,0.0,0.0,0.0,0.0,0.0,0.0,0.0,0.0,0.0,0.0,7.5,4.25,1.125,1.0,0.75,1.0,1.0,155125.75,53.18525,7.5,1.0,1.0,1.0,1.0,1.0,1.0,0.4791666666666667,0.6458333333333333,2.125,317.0,1518.0,1.0,1.0,0.0,317.0,0.0,0.0,0.0,0.0,1.0,8.625,4.5,1.125,1.0,1.0,1.0,1.0,152436.75,68.630875,9.625,0.0,0.0,0.0,0.0,0.0,0.0,0.0,0.0,0.0,0.0,0.0,0.0,0.0,0.0,0.0,0.0,0.0,0.0,-0.020833333333333315,0.02083333333333337,0.041666666666666685,-0.02083333333333337,0.02083333333333326,0.04166666666666663,0.125,-0.125,-0.25,15.445625,11.203875000000004,-4.241749999999996,2.125,3.25,1.125,-2689.0,34283.375,36972.375,1.125,2.25,1.125
93adec2b9c992696ac6c165e26c21ced8a9877cab932927cd9696729dd05a5f6,sphinx-doc/sphinx,EXPLICIT_LOCATOR_CLUE,short_toctree_index,doc/contents.rst,.rst,2,487,39,2,6,1,1.0,1.0,1.0,1.0,1.0,1.0,0.4583333333333333,0.625,2.25,0.0,0.0,0.0,0.0,0.0,0.0,0.0,0.0,0.0,0.0,0.0,5.75,4.625,1.0,1.0,1.0,1.0,1.0,86222.375,40.00675,5.75,0.875,0.875,0.875,0.875,0.875,0.875,0.4791666666666667,0.6041666666666666,1.875,0.0,0.0,0.0,0.0,0.0,0.0,0.0,0.0,0.0,0.0,0.0,6.625,4.0,0.875,0.75,0.75,0.75,0.75,102161.5,46.87375,7.0,1.0,1.0,1.0,1.0,1.0,1.0,0.4375,0.6041666666666666,2.375,139.0,487.0,1.0,1.0,0.0,139.0,0.0,0.0,0.0,0.0,1.0,6.375,5.5,1.375,1.0,1.0,0.875,1.0,140711.875,60.252125,7.5,0.125,0.0,-0.125,0.125,0.0,-0.125,0.125,0.0,-0.125,0.125,0.0,-0.125,0.125,0.0,-0.125,0.125,0.0,-0.125,-0.041666666666666685,-0.020833333333333315,0.02083333333333337,0.0,-0.02083333333333337,-0.02083333333333337,0.5,0.125,-0.375,13.378374999999998,20.245375000000003,6.867000000000004,0.5,1.75,1.25,38550.375,54489.5,15939.125,-0.25,0.625,0.875
96a2fdf54f8ad0f982c56b14ff4a2ebb26dd6cef2f298d458a68d6fe507a51e6,huggingface/transformers,EXPLICIT_LOCATOR_CLUE,large_reference_catalog,docs/source/en/index.mdx,.mdx,4,49197,281,5,229,0,0.3333333333333333,0.75,0.75,1.0,1.0,0.8240204777414663,0.6875,0.7142857142857142,3.25,0.0,0.0,0.0,0.0,0.0,0.0,0.0,0.0,0.0,0.0,0.0,6.25,5.75,1.0,1.0,1.0,0.875,1.0,103593.5,51.88425,6.25,0.3333333333333333,0.6666666666666666,0.6666666666666666,1.0,1.0,0.75,0.7708333333333333,0.6726190476190476,2.75,0.0,0.0,0.0,0.0,0.0,0.0,0.0,0.0,0.0,0.0,0.0,4.0,4.5,1.375,0.75,0.75,0.75,0.75,73432.0,41.205125,4.0,0.3333333333333333,0.7083333333333333,0.7083333333333333,1.0,1.0,0.794690557365044,0.6770833333333333,0.6904761904761905,3.125,12236.0,44303.0,1.0,1.0,0.0,12236.0,0.0,0.0,0.0,0.0,1.0,5.5,6.375,1.0,1.0,1.0,1.0,1.0,184718.0,57.59725,6.625,0.0,0.0,0.0,0.04166666666666663,-0.04166666666666674,-0.08333333333333337,0.04166666666666663,-0.04166666666666674,-0.08333333333333337,0.0,0.0,0.0,0.0,0.0,0.0,0.044690557365044015,-0.029329920376422236,-0.07402047774146625,-0.09375,-0.01041666666666674,0.08333333333333326,0.017857142857142905,-0.023809523809523725,-0.04166666666666663,0.375,-0.125,-0.5,16.392125,5.713000000000001,-10.679124999999999,2.625,0.375,-2.25,111286.0,81124.5,-30161.5,1.5,-0.75,-2.25
9917c7a99ef6e9620d0b89ae389c8d7cecd4aaf4e710238a18d34f6fda2ef76f,sympy/sympy,NO_EXPLICIT_LOCATOR_CLUE,short_toctree_index,doc/src/index.rst,.rst,3,820,31,1,1,2,0.0,0.0,0.0,0.0,0.0,0.0,0.0,0.0,2.0,0.0,0.0,0.0,0.0,0.0,0.0,0.0,0.0,0.0,0.0,0.0,4.75,3.625,1.125,0.75,0.75,0.625,1.0,72454.75,38.588125,4.75,0.0,0.0,0.0,0.0,0.0,0.0,0.0,0.0,1.875,0.0,0.0,0.0,0.0,0.0,0.0,0.0,0.0,0.0,0.0,0.0,5.25,3.875,0.875,0.75,0.75,0.625,0.875,87215.625,52.84725,5.25,0.0,0.0,0.0,0.0,0.0,0.0,0.0,0.0,2.0,223.0,820.0,1.0,1.0,0.0,223.0,0.0,0.0,0.0,0.0,1.0,5.5,4.5,1.0,1.0,1.0,0.75,1.0,97855.25,51.816875,6.5,0.0,0.0,0.0,0.0,0.0,0.0,0.0,0.0,0.0,0.0,0.0,0.0,0.0,0.0,0.0,0.0,0.0,0.0,0.0,0.0,0.0,0.0,0.0,0.0,0.125,0.0,-0.125,-1.0303749999999994,13.228750000000005,14.259125000000004,1.25,1.75,0.5,10639.625,25400.5,14760.875,0.25,0.75,0.5
9cdb8c8581f977b75ab94a922b6819fee5fc4febdd6a73f230ae112f0602be7b,ansible/ansible,NO_EXPLICIT_LOCATOR_CLUE,curated_navigation_hub,docs/docsite/rst/core_index.rst,.rst,4,4801,110,2,0,8,0.037500000000000006,0.21250000000000002,0.4,0.375,0.6875,0.6403606369886217,0.8,0.5333333333333333,5.0,0.0,0.0,0.0,0.0,0.0,0.0,0.0,0.0,0.0,0.0,0.0,5.25,5.625,1.0,1.0,1.0,0.875,1.0,80700.5,56.695,5.25,0.025,0.21250000000000002,0.4,0.25,0.625,0.6187110351065103,0.8,0.5333333333333333,5.0,0.0,0.0,0.0,0.0,0.0,0.0,0.0,0.0,0.0,0.0,0.0,5.125,7.125,1.125,1.0,1.0,1.0,1.0,84707.75,62.505875,5.25,0.05,0.225,0.4,0.5,0.75,0.6990204777414663,0.8,0.5333333333333333,5.0,931.875,4200.875,0.875,0.875,0.0,931.875,0.0,0.0,0.0,0.0,0.875,5.75,9.125,1.375,1.0,1.0,0.875,1.0,97398.625,68.9235,6.75,0.025,0.012499999999999997,-0.012500000000000004,0.012499999999999983,0.012499999999999983,0.0,0.0,0.0,0.0,0.25,0.125,-0.125,0.125,0.0625,-0.0625,0.08030944263495599,0.05865984075284458,-0.021649601882111402,0.0,0.0,0.0,0.0,0.0,0.0,0.0,0.0,0.0,6.417625000000001,12.228500000000004,5.810875000000003,1.5,1.5,0.0,12690.875,16698.125,4007.25,0.625,0.5,-0.125
a06d24bbad44296def2551c9d54b7aa9e1da08695ff0a29c539e1bb532d79ee3,django/django,NO_EXPLICIT_LOCATOR_CLUE,detailed_topical_map,docs/index.txt,.txt,2,12351,346,17,5,0,0.375,0.375,0.375,0.75,0.75,0.4598603945740938,0.375,0.375,2.0,0.0,0.0,0.0,0.0,0.0,0.0,0.0,0.0,0.0,0.0,0.0,6.25,5.25,1.125,0.75,0.75,0.75,0.75,136428.125,72.83862500000001,6.25,0.25,0.375,0.375,0.5,0.5625,0.39325189683488804,0.2916666666666667,0.3208333333333333,2.375,0.0,0.0,0.0,0.0,0.0,0.0,0.0,0.0,0.0,0.0,0.0,7.375,7.5,2.75,1.0,0.875,1.0,0.9375,174556.5,93.075625,7.5,0.3125,0.4375,0.4375,0.625,0.6666666666666666,0.4598603945740938,0.3541666666666667,0.3833333333333333,2.375,2125.0,8404.0,1.0,1.0,0.0,2125.0,0.0,0.0,0.0,0.0,1.0,10.125,7.0,2.0,1.0,0.875,1.0,1.0,230408.625,117.804375,11.25,0.0625,-0.0625,-0.125,0.0625,0.0625,0.0,0.0625,0.0625,0.0,0.125,-0.125,-0.25,0.10416666666666663,-0.08333333333333337,-0.1875,0.06660849773920574,0.0,-0.06660849773920574,0.0625,-0.020833333333333315,-0.08333333333333331,0.0625,0.008333333333333304,-0.054166666666666696,0.0,0.375,0.375,24.72874999999999,44.965749999999986,20.236999999999995,3.75,5.0,1.25,55852.125,93980.5,38128.375,2.75,3.875,1.125
a10809357dac4f121e8d4b35752a59831be69efaf3b3dc96a0563c7757de8197,matplotlib/matplotlib,EXPLICIT_LOCATOR_CLUE,curated_navigation_hub,doc/index.rst,.rst,2,2467,104,9,4,0,1.0,1.0,1.0,1.0,1.0,1.0,0.5625,0.7083333333333333,1.875,0.0,0.0,0.0,0.0,0.0,0.0,0.0,0.0,0.0,0.0,0.0,6.25,3.25,0.875,0.875,0.625,0.875,0.875,98676.625,46.650625,6.375,1.0,1.0,1.0,1.0,1.0,1.0,0.5625,0.7083333333333333,1.875,0.0,0.0,0.0,0.0,0.0,0.0,0.0,0.0,0.0,0.0,0.0,5.25,3.25,1.25,1.0,0.875,0.875,1.0,97642.25,45.936375,5.25,1.0,1.0,1.0,1.0,1.0,1.0,0.5,0.6666666666666666,2.0,561.0,2467.0,1.0,1.0,0.0,561.0,0.0,0.0,0.0,0.0,1.0,5.625,3.25,1.125,1.0,1.0,1.0,1.0,105548.5,50.15675,6.75,0.0,0.0,0.0,0.0,0.0,0.0,0.0,0.0,0.0,0.0,0.0,0.0,0.0,0.0,0.0,0.0,0.0,0.0,-0.0625,-0.0625,0.0,-0.04166666666666663,-0.04166666666666663,0.0,0.125,0.125,0.0,4.220375000000004,3.5061250000000044,-0.7142499999999998,1.5,0.375,-1.125,7906.25,6871.875,-1034.375,0.375,-0.625,-1.0
a3256b919d75c1be97c18e1f65bf33abf40b9ef17c8a72a58a486c7508f579d6,matplotlib/matplotlib,EXPLICIT_LOCATOR_CLUE,curated_navigation_hub,doc/index.rst,.rst,2,2501,108,9,4,0,1.0,1.0,1.0,1.0,1.0,1.0,0.5,0.6666666666666666,2.0,0.0,0.0,0.0,0.0,0.0,0.0,0.0,0.0,0.0,0.0,0.0,4.625,2.625,1.0,1.0,0.875,0.75,1.0,79745.5,31.83575,4.75,1.0,1.0,1.0,1.0,1.0,1.0,0.5,0.6666666666666666,2.0,0.0,0.0,0.0,0.0,0.0,0.0,0.0,0.0,0.0,0.0,0.0,4.75,3.0,1.0,1.0,1.0,0.75,1.0,83803.875,38.239375,4.75,1.0,1.0,1.0,1.0,1.0,1.0,0.5,0.6666666666666666,2.0,576.0,2501.0,1.0,1.0,0.0,576.0,0.0,0.0,0.0,0.0,1.0,4.625,3.125,1.25,1.0,0.875,1.0,1.0,93560.875,41.6145,5.75,0.0,0.0,0.0,0.0,0.0,0.0,0.0,0.0,0.0,0.0,0.0,0.0,0.0,0.0,0.0,0.0,0.0,0.0,0.0,0.0,0.0,0.0,0.0,0.0,0.0,0.0,0.0,3.375124999999997,9.778749999999999,6.403625000000002,1.0,1.0,0.0,9757.0,13815.375,4058.375,-0.125,0.0,0.125
a52295e793961d87e21490170935cd59f84ded67e979987ab8fd53d99a80f14c,django/django,NO_EXPLICIT_LOCATOR_CLUE,detailed_topical_map,docs/index.txt,.txt,2,12459,349,17,5,0,1.0,1.0,1.0,1.0,1.0,1.0,0.5,0.6666666666666666,2.0,76.625,337.5,0.125,0.125,0.125,76.625,0.0,0.0,0.0,0.0,0.125,4.25,3.25,1.0,1.0,1.0,1.0,1.0,69724.125,30.120125,4.375,1.0,1.0,1.0,1.0,1.0,1.0,0.5,0.6666666666666666,2.0,0.0,0.0,0.0,0.0,0.0,0.0,0.0,0.0,0.0,0.0,0.0,4.375,4.125,1.75,1.0,1.0,0.875,1.0,72781.125,35.347875,4.375,1.0,1.0,1.0,1.0,1.0,1.0,0.4583333333333333,0.625,2.25,2130.0,8392.0,1.0,1.0,0.0,2130.0,0.0,0.0,0.0,0.0,1.0,3.625,2.625,1.0,1.0,1.0,0.75,1.0,74415.25,35.113375,4.625,0.0,0.0,0.0,0.0,0.0,0.0,0.0,0.0,0.0,0.0,0.0,0.0,0.0,0.0,0.0,0.0,0.0,0.0,-0.041666666666666685,-0.041666666666666685,0.0,-0.04166666666666663,-0.04166666666666663,0.0,0.25,0.25,0.0,-0.23450000000000415,4.993249999999996,5.22775,0.25,0.25,0.0,1634.125,4691.125,3057.0,-0.75,-0.625,0.125
a53268efd938fac3867f5e5d798e03d36b2394e670d791b1c959fbf98d292169,sympy/sympy,NO_EXPLICIT_LOCATOR_CLUE,short_toctree_index,doc/src/index.rst,.rst,3,820,31,1,1,2,0.125,0.25,0.25,0.125,0.1875,0.2038662191964322,0.06666666666666667,0.10416666666666666,2.375,0.0,0.0,0.0,0.0,0.0,0.0,0.0,0.0,0.0,0.0,0.0,5.25,4.0,1.375,0.875,0.75,0.375,1.0,79595.0,76.5115,5.25,0.25,0.375,0.375,0.25,0.3125,0.3288662191964322,0.0875,0.14166666666666666,2.75,0.0,0.0,0.0,0.0,0.0,0.0,0.0,0.0,0.0,0.0,0.0,4.75,4.0,1.375,0.75,0.375,0.5,0.875,81614.25,44.376875,4.75,0.25,0.25,0.25,0.25,0.25,0.25,0.05625,0.09166666666666667,2.625,223.0,820.0,1.0,1.0,0.0,223.0,0.0,0.0,0.0,0.0,1.0,5.625,5.0,2.375,0.625,0.375,0.375,1.0,100518.375,50.82125,6.625,0.0,0.125,0.125,-0.125,0.0,0.125,-0.125,0.0,0.125,0.0,0.125,0.125,-0.0625,0.0625,0.125,-0.07886621919643222,0.04613378080356781,0.12500000000000003,-0.031249999999999993,-0.010416666666666664,0.02083333333333333,-0.04999999999999999,-0.012499999999999983,0.037500000000000006,-0.125,0.25,0.375,6.444375000000001,-25.69025,-32.134625,1.875,1.375,-0.5,18904.125,20923.375,2019.25,0.875,0.375,-0.5
a5790eb6c92e5f6f891563fb3254e2973fb4f2c8b052b81496ba37a220eba3f4,huggingface/transformers,EXPLICIT_LOCATOR_CLUE,large_reference_catalog,docs/source/en/index.md,.md,4,89155,494,5,454,0,1.0,1.0,1.0,1.0,1.0,1.0,0.4375,0.6041666666666666,2.375,0.0,0.0,0.0,0.0,0.0,0.0,0.0,0.0,0.0,0.0,0.0,6.125,5.625,2.0,1.0,1.0,1.0,1.0,111526.75,56.767,6.125,1.0,1.0,1.0,1.0,1.0,1.0,0.4375,0.6041666666666666,2.375,0.0,0.0,0.0,0.0,0.0,0.0,0.0,0.0,0.0,0.0,0.0,6.875,6.375,2.0,1.0,1.0,1.0,1.0,162578.625,63.9035,7.0,1.0,1.0,1.0,1.0,1.0,1.0,0.4375,0.6041666666666666,2.375,17251.0,59200.0,1.0,1.0,0.0,17251.0,0.0,0.0,0.0,0.0,1.0,6.75,6.375,1.125,1.0,1.0,1.0,1.0,260713.125,74.79025,8.125,0.0,0.0,0.0,0.0,0.0,0.0,0.0,0.0,0.0,0.0,0.0,0.0,0.0,0.0,0.0,0.0,0.0,0.0,0.0,0.0,0.0,0.0,0.0,0.0,0.0,0.0,0.0,10.88675,18.023249999999997,7.136499999999998,1.125,2.0,0.875,98134.5,149186.375,51051.875,-0.125,0.625,0.75
b628d5e17f914fb9993499ec7fb3805acdafcbd25b97834063f63be22f58c371,sphinx-doc/sphinx,NO_EXPLICIT_LOCATOR_CLUE,short_toctree_index,doc/contents.rst,.rst,2,476,38,2,6,1,1.0,1.0,1.0,1.0,1.0,1.0,0.36875,0.5291666666666667,3.0,129.5,543.125,0.125,0.125,0.125,129.5,0.0,0.0,0.0,0.0,0.125,13.5,8.75,1.0,1.0,1.0,1.0,1.0,441186.125,163.608,14.5,1.0,1.0,1.0,1.0,1.0,1.0,0.3958333333333333,0.5625,2.625,0.0,0.0,0.0,0.0,0.0,0.0,0.0,0.0,0.0,0.0,0.0,13.0,9.5,1.375,1.0,1.0,1.0,1.0,393069.875,122.798375,13.5,1.0,1.0,1.0,1.0,1.0,1.0,0.41666666666666663,0.5833333333333333,2.5,135.0,476.0,1.0,1.0,0.0,135.0,0.0,0.0,0.0,0.0,1.0,11.125,7.5,1.0,1.0,1.0,1.0,1.0,350382.25,134.37437500000001,12.875,0.0,0.0,0.0,0.0,0.0,0.0,0.0,0.0,0.0,0.0,0.0,0.0,0.0,0.0,0.0,0.0,0.0,0.0,0.020833333333333315,0.04791666666666661,0.027083333333333293,0.02083333333333326,0.054166666666666585,0.033333333333333326,-0.125,-0.5,-0.375,11.576000000000022,-29.23362499999999,-40.80962500000001,-0.625,-1.625,-1.0,-42687.625,-90803.875,-48116.25,-1.875,-2.375,-0.5
bdf1c9ba9f02818a10c26ae532c77f2439846bc049257b3f0d17a316997db2dc,sympy/sympy,EXPLICIT_LOCATOR_CLUE,short_toctree_index,doc/src/index.rst,.rst,3,815,32,1,1,2,0.16666666666666666,0.16666666666666666,0.16666666666666666,1.0,1.0,0.46927872602275644,0.5,0.25,2.0,0.0,0.0,0.0,0.0,0.0,0.0,0.0,0.0,0.0,0.0,0.0,5.75,3.875,1.0,1.0,1.0,1.0,1.0,103982.625,50.0625,5.75,0.16666666666666666,0.16666666666666666,0.16666666666666666,1.0,1.0,0.46927872602275644,0.5,0.25,2.0,0.0,0.0,0.0,0.0,0.0,0.0,0.0,0.0,0.0,0.0,0.0,6.375,4.875,1.125,1.0,0.875,1.0,1.0,122911.25,51.683125000000004,6.375,0.16666666666666666,0.1875,0.20833333333333331,1.0,1.0,0.49860864639917873,0.5125,0.2869318181818182,2.375,219.0,815.0,1.0,1.0,0.0,219.0,0.0,0.0,0.0,0.0,1.0,7.75,6.5,1.0,1.0,1.0,1.0,1.0,159166.75,71.11,8.875,0.0,0.0,0.0,0.020833333333333343,0.020833333333333343,0.0,0.04166666666666666,0.04166666666666666,0.0,0.0,0.0,0.0,0.0,0.0,0.0,0.02932992037642229,0.02932992037642229,0.0,0.012499999999999956,0.012499999999999956,0.0,0.03693181818181818,0.03693181818181818,0.0,0.375,0.375,0.0,19.426874999999995,21.0475,1.620625000000004,2.5,3.125,0.625,36255.5,55184.125,18928.625,1.375,2.0,0.625
c1ce86baab9d189d8936015326187ad11f2e731c801e6f4ac1fbdc254b917393,ansible/ansible,EXPLICIT_LOCATOR_CLUE,curated_navigation_hub,docs/docsite/rst/core_index.rst,.rst,4,4801,110,2,0,8,0.5,0.5,0.5,1.0,1.0,0.6131471927654584,0.4270833333333333,0.45416666666666666,2.5,0.0,0.0,0.0,0.0,0.0,0.0,0.0,0.0,0.0,0.0,0.0,7.375,4.75,1.25,1.0,0.5,1.0,1.0,139721.0,59.545875,7.875,0.5,0.5,0.5,1.0,1.0,0.6131471927654584,0.5416666666666666,0.5083333333333333,2.0,0.0,0.0,0.0,0.0,0.0,0.0,0.0,0.0,0.0,0.0,0.0,7.125,3.875,1.125,0.875,0.625,0.875,0.875,161499.125,63.94125,7.375,0.5,0.5,0.5,1.0,1.0,0.6131471927654584,0.5416666666666666,0.5083333333333333,2.0,931.875,4200.875,0.875,0.875,0.0,931.875,0.0,0.0,0.0,0.0,0.875,7.5,3.5,1.0,0.875,0.75,0.75,0.875,171829.875,54.529374999999995,9.375,0.0,0.0,0.0,0.0,0.0,0.0,0.0,0.0,0.0,0.0,0.0,0.0,0.0,0.0,0.0,0.0,0.0,0.0,0.0,0.11458333333333331,0.11458333333333331,0.0,0.05416666666666664,0.05416666666666664,0.0,-0.5,-0.5,-9.411875000000002,-5.016500000000008,4.395374999999994,2.0,1.5,-0.5,10330.75,32108.875,21778.125,0.375,0.125,-0.25
c84b3e2d44c9932ac988fa6d12be093464c4f05c5cc11f9bd0b7a52fab24388c,sphinx-doc/sphinx,NO_EXPLICIT_LOCATOR_CLUE,short_toctree_index,doc/contents.rst,.rst,2,476,38,2,6,1,1.0,1.0,1.0,1.0,1.0,1.0,0.4375,0.6041666666666666,2.375,0.0,0.0,0.0,0.0,0.0,0.0,0.0,0.0,0.0,0.0,0.0,6.625,5.5,1.0,1.0,1.0,1.0,1.0,122702.125,51.974125,6.625,1.0,1.0,1.0,1.0,1.0,1.0,0.5,0.6666666666666666,2.0,0.0,0.0,0.0,0.0,0.0,0.0,0.0,0.0,0.0,0.0,0.0,5.125,5.375,1.0,1.0,1.0,1.0,0.9375,105183.375,44.398,5.125,1.0,1.0,1.0,1.0,1.0,1.0,0.4583333333333333,0.625,2.25,135.0,476.0,1.0,1.0,0.0,135.0,0.0,0.0,0.0,0.0,1.0,6.75,5.875,1.25,1.0,1.0,1.0,1.0,124213.375,59.201,7.875,0.0,0.0,0.0,0.0,0.0,0.0,0.0,0.0,0.0,0.0,0.0,0.0,0.0,0.0,0.0,0.0,0.0,0.0,-0.041666666666666685,0.020833333333333315,0.0625,-0.04166666666666663,0.02083333333333337,0.0625,0.25,-0.125,-0.375,14.802999999999997,7.226875,-7.5761249999999976,2.75,1.25,-1.5,19030.0,1511.25,-17518.75,1.625,0.125,-1.5
d0b429504c2abc92954b7806bdf05b2945832d551a4a555b539aed092dbfe000,sphinx-doc/sphinx,NO_EXPLICIT_LOCATOR_CLUE,short_toctree_index,doc/contents.rst,.rst,2,494,39,2,6,1,1.0,1.0,1.0,1.0,1.0,1.0,0.5625,0.7083333333333333,1.875,0.0,0.0,0.0,0.0,0.0,0.0,0.0,0.0,0.0,0.0,0.0,3.5,2.875,1.125,0.875,0.875,0.75,0.875,75521.25,24.0225,3.625,1.0,1.0,1.0,1.0,1.0,1.0,0.5833333333333334,0.7083333333333333,2.0,0.0,0.0,0.0,0.0,0.0,0.0,0.0,0.0,0.0,0.0,0.0,3.75,2.25,0.75,0.75,0.75,0.75,0.75,66397.5,34.938125,3.75,1.0,1.0,1.0,1.0,1.0,1.0,0.4791666666666667,0.6458333333333333,2.125,139.0,494.0,1.0,1.0,0.0,139.0,0.0,0.0,0.0,0.0,1.0,5.125,3.625,1.0,1.0,1.0,1.0,1.0,114018.75,48.085125,6.25,0.0,0.0,0.0,0.0,0.0,0.0,0.0,0.0,0.0,0.0,0.0,0.0,0.0,0.0,0.0,0.0,0.0,0.0,-0.10416666666666669,-0.08333333333333331,0.02083333333333337,-0.0625,-0.0625,0.0,0.125,0.25,0.125,13.146999999999998,24.062624999999997,10.915624999999999,2.5,2.625,0.125,47621.25,38497.5,-9123.75,1.375,1.625,0.25
d52482164f390649348a572d1cc0b03b9d265df1746cef6cff70c359a399a5c6,ansible/ansible,NO_EXPLICIT_LOCATOR_CLUE,curated_navigation_hub,docs/docsite/rst/core_index.rst,.rst,4,4349,90,2,0,6,0.5,0.5,0.5,1.0,1.0,0.6131471927654584,0.9166666666666666,0.6333333333333333,1.25,0.0,0.0,0.0,0.0,0.0,0.0,0.0,0.0,0.0,0.0,0.0,4.875,2.375,0.875,0.875,0.875,0.875,0.875,83320.625,38.259625,4.875,0.5,0.5,0.5,1.0,1.0,0.6131471927654584,0.9375,0.6458333333333333,1.125,0.0,0.0,0.0,0.0,0.0,0.0,0.0,0.0,0.0,0.0,0.0,5.125,3.375,0.875,0.875,0.875,0.875,0.875,90597.5,46.10675,5.125,0.5,0.5,0.5,1.0,1.0,0.6131471927654584,0.9166666666666666,0.6333333333333333,1.25,937.0,4349.0,1.0,1.0,0.0,937.0,0.0,0.0,0.0,0.0,1.0,6.125,3.625,1.0,1.0,0.75,1.0,0.9583333333333334,118762.5,49.09675,7.25,0.0,0.0,0.0,0.0,0.0,0.0,0.0,0.0,0.0,0.0,0.0,0.0,0.0,0.0,0.0,0.0,0.0,0.0,-0.02083333333333337,0.0,0.02083333333333337,-0.012499999999999956,0.0,0.012499999999999956,0.125,0.0,-0.125,2.990000000000002,10.837125,7.847124999999998,2.125,2.375,0.25,28165.0,35441.875,7276.875,1.0,1.25,0.25
db675469e47e938cba0facf53c819d76d21881690f26c21f43ee29e187a3b2ef,sympy/sympy,EXPLICIT_LOCATOR_CLUE,short_toctree_index,doc/src/index.rst,.rst,3,2013,81,6,7,2,1.0,1.0,1.0,1.0,1.0,1.0,0.5625,0.7083333333333333,1.875,0.0,0.0,0.0,0.0,0.0,0.0,0.0,0.0,0.0,0.0,0.0,6.5,3.875,1.125,1.0,1.0,1.0,1.0,102124.125,51.733875,6.5,0.875,0.875,0.875,0.875,0.875,0.875,0.4166666666666667,0.5625,2.25,0.0,0.0,0.0,0.0,0.0,0.0,0.0,0.0,0.0,0.0,0.0,6.125,3.5,1.0,1.0,0.875,1.0,1.0,90859.0,49.650999999999996,6.125,1.0,1.0,1.0,1.0,1.0,1.0,0.4791666666666667,0.6458333333333333,2.125,392.0,2013.0,1.0,1.0,0.0,392.0,0.0,0.0,0.0,0.0,1.0,6.625,3.75,1.0,1.0,1.0,1.0,1.0,104729.75,55.80925,7.625,0.125,0.0,-0.125,0.125,0.0,-0.125,0.125,0.0,-0.125,0.125,0.0,-0.125,0.125,0.0,-0.125,0.125,0.0,-0.125,0.0625,-0.08333333333333331,-0.14583333333333331,0.08333333333333326,-0.0625,-0.14583333333333326,-0.125,0.25,0.375,6.1582500000000024,4.075375000000001,-2.0828750000000014,1.5,1.125,-0.375,13870.75,2605.625,-11265.125,0.5,0.125,-0.375
dd034dd1366e58e62c055a4460265a5a58dbcb926d83d047155f17c949122c9d,sphinx-doc/sphinx,EXPLICIT_LOCATOR_CLUE,curated_navigation_hub,doc/index.rst,.rst,2,3539,117,5,8,4,0.875,1.0,1.0,0.875,0.9166666666666666,0.9375,0.34791666666666665,0.5083333333333333,3.125,0.0,0.0,0.0,0.0,0.0,0.0,0.0,0.0,0.0,0.0,0.0,7.125,6.5,1.25,1.0,1.0,0.875,1.0,199438.125,92.662625,7.375,1.0,1.0,1.0,1.0,1.0,1.0,0.3375,0.49583333333333335,3.25,0.0,0.0,0.0,0.0,0.0,0.0,0.0,0.0,0.0,0.0,0.0,7.0,6.75,1.5,1.0,1.0,1.0,1.0,166195.625,86.7975,7.0,1.0,1.0,1.0,1.0,1.0,1.0,0.32708333333333334,0.4875,3.25,815.0,3539.0,1.0,1.0,0.0,815.0,0.0,0.0,0.0,0.0,1.0,9.625,7.625,1.0,1.0,1.0,1.0,1.0,194558.125,106.072125,10.875,0.0,0.125,0.125,0.0,0.0,0.0,0.0,0.0,0.0,0.0,0.125,0.125,0.0,0.08333333333333337,0.08333333333333337,0.0,0.0625,0.0625,-0.010416666666666685,-0.020833333333333315,-0.01041666666666663,-0.00833333333333336,-0.020833333333333315,-0.012499999999999956,0.0,0.125,0.125,19.274625,13.409499999999994,-5.865125000000006,3.875,3.5,-0.375,28362.5,-4880.0,-33242.5,2.625,2.5,-0.125
e4862b273855019559526fb0a6c0ed816e74a6d3a04f7fdd04908b97223add7e,sympy/sympy,EXPLICIT_LOCATOR_CLUE,short_toctree_index,doc/src/index.rst,.rst,3,820,31,1,1,2,1.0,1.0,1.0,1.0,1.0,1.0,0.4375,0.6041666666666666,2.375,0.0,0.0,0.0,0.0,0.0,0.0,0.0,0.0,0.0,0.0,0.0,4.0,3.25,1.0,1.0,1.0,0.875,1.0,63634.0,31.927,4.0,1.0,1.0,1.0,1.0,1.0,1.0,0.41666666666666663,0.5833333333333333,2.5,0.0,0.0,0.0,0.0,0.0,0.0,0.0,0.0,0.0,0.0,0.0,4.75,3.5,1.0,1.0,1.0,1.0,1.0,83522.0,38.17175,4.75,1.0,1.0,1.0,1.0,1.0,1.0,0.4375,0.6041666666666666,2.375,223.0,820.0,1.0,1.0,0.0,223.0,0.0,0.0,0.0,0.0,1.0,4.125,3.5,1.125,1.0,0.75,0.875,1.0,69899.25,37.016375,5.125,0.0,0.0,0.0,0.0,0.0,0.0,0.0,0.0,0.0,0.0,0.0,0.0,0.0,0.0,0.0,0.0,0.0,0.0,0.02083333333333337,0.0,-0.02083333333333337,0.02083333333333337,0.0,-0.02083333333333337,-0.125,0.0,0.125,-1.1553750000000065,5.089374999999997,6.244750000000003,0.375,1.125,0.75,-13622.75,6265.25,19888.0,-0.625,0.125,0.75
e54589293a1860d64282b28092d95ff7c2dd8d026685ce66a95c218739c5f0c6,sympy/sympy,NO_EXPLICIT_LOCATOR_CLUE,short_toctree_index,doc/src/index.rst,.rst,3,820,31,1,1,2,1.0,1.0,1.0,1.0,1.0,1.0,0.38541666666666663,0.55,2.75,0.0,0.0,0.0,0.0,0.0,0.0,0.0,0.0,0.0,0.0,0.0,6.5,6.0,1.875,1.0,0.625,1.0,1.0,122835.25,53.371875,6.5,0.875,0.875,0.875,0.875,0.875,0.875,0.3333333333333333,0.47916666666666663,2.5,0.0,0.0,0.0,0.0,0.0,0.0,0.0,0.0,0.0,0.0,0.0,5.875,5.75,1.5,0.875,0.75,0.875,0.875,100156.5,47.033500000000004,5.875,1.0,1.0,1.0,1.0,1.0,1.0,0.41666666666666663,0.5833333333333333,2.5,223.0,820.0,1.0,1.0,0.0,223.0,0.0,0.0,0.0,0.0,1.0,7.75,6.625,2.25,1.0,0.5,1.0,1.0,141386.5,61.33825,8.75,0.125,0.0,-0.125,0.125,0.0,-0.125,0.125,0.0,-0.125,0.125,0.0,-0.125,0.125,0.0,-0.125,0.125,0.0,-0.125,0.08333333333333331,0.03125,-0.052083333333333315,0.10416666666666663,0.033333333333333215,-0.07083333333333341,0.0,-0.25,-0.25,14.304749999999999,7.966374999999999,-6.338374999999999,2.875,2.25,-0.625,41230.0,18551.25,-22678.75,1.875,1.25,-0.625
e5810b25e701a57c030d742318a6156d42128eab49de648f8c737a59d9b3800e,sympy/sympy,EXPLICIT_LOCATOR_CLUE,short_toctree_index,doc/src/index.rst,.rst,3,2275,68,5,5,2,0.875,0.875,0.875,0.875,0.875,0.875,0.2708333333333333,0.4125,3.0,0.0,0.0,0.0,0.0,0.0,0.0,0.0,0.0,0.0,0.0,0.0,4.625,4.25,0.875,0.875,0.875,0.75,0.875,70440.125,36.9025,4.625,0.875,1.0,1.0,0.875,0.9375,0.9538662191964322,0.35416666666666663,0.5166666666666666,3.0,0.0,0.0,0.0,0.0,0.0,0.0,0.0,0.0,0.0,0.0,0.0,3.125,3.875,0.875,0.875,0.875,0.75,0.875,72670.375,36.383375,3.125,1.0,1.0,1.0,1.0,1.0,1.0,0.32291666666666663,0.4875,3.125,449.0,2275.0,1.0,1.0,0.0,449.0,0.0,0.0,0.0,0.0,1.0,3.875,4.875,1.0,1.0,1.0,1.0,1.0,66829.625,42.731625,4.875,0.125,0.125,0.0,0.0,0.125,0.125,0.0,0.125,0.125,0.125,0.125,0.0,0.0625,0.125,0.0625,0.04613378080356778,0.125,0.07886621919643222,-0.03125,0.052083333333333315,0.08333333333333331,-0.02916666666666662,0.07500000000000001,0.10416666666666663,0.125,0.125,0.0,6.34825,5.829124999999998,-0.5191250000000025,1.75,0.25,-1.5,-5840.75,-3610.5,2230.25,0.75,-0.75,-1.5
e75caa0d112760cce71edbd20079d1c0c187e837a7802759a5ee584cb9bf463a,django/django,EXPLICIT_LOCATOR_CLUE,detailed_topical_map,docs/index.txt,.txt,2,12351,346,17,5,0,1.0,1.0,1.0,1.0,1.0,1.0,0.5416666666666666,0.6875,2.0,0.0,0.0,0.0,0.0,0.0,0.0,0.0,0.0,0.0,0.0,0.0,4.375,1.875,0.875,0.875,0.875,0.375,0.8333333333333334,78295.375,33.605375,4.5,1.0,1.0,1.0,1.0,1.0,1.0,0.5625,0.7083333333333333,1.875,0.0,0.0,0.0,0.0,0.0,0.0,0.0,0.0,0.0,0.0,0.0,3.375,2.125,1.0,0.75,0.625,0.625,0.75,55202.625,25.92325,3.375,1.0,1.0,1.0,1.0,1.0,1.0,0.5,0.6666666666666666,2.0,2125.0,8404.0,1.0,1.0,0.0,2125.0,0.0,0.0,0.0,0.0,1.0,4.75,2.5,1.0,1.0,1.0,0.625,1.0,99794.5,41.71025,5.75,0.0,0.0,0.0,0.0,0.0,0.0,0.0,0.0,0.0,0.0,0.0,0.0,0.0,0.0,0.0,0.0,0.0,0.0,-0.0625,-0.04166666666666663,0.02083333333333337,-0.04166666666666663,-0.02083333333333337,0.02083333333333326,0.125,0.0,-0.125,15.787000000000003,8.104875,-7.682125000000003,2.375,1.25,-1.125,44591.875,21499.125,-23092.75,1.375,0.375,-1.0
e76c2145b8b7041195aa266a9bb79573105949c0c6350e5a34721ef85a0d161b,sympy/sympy,NO_EXPLICIT_LOCATOR_CLUE,short_toctree_index,doc/src/index.rst,.rst,3,1933,80,6,7,2,0.0625,0.125,0.125,0.125,0.1875,0.125,0.07291666666666666,0.09166666666666667,2.75,0.0,0.0,0.0,0.0,0.0,0.0,0.0,0.0,0.0,0.0,0.0,8.25,9.0,2.75,0.875,0.5,0.75,0.875,184455.125,80.5465,8.25,0.125,0.125,0.25,0.25,0.3125,0.1532867981913646,0.16666666666666666,0.19583333333333333,3.0,0.0,0.0,0.0,0.0,0.0,0.0,0.0,0.0,0.0,0.0,0.0,9.0,9.75,5.375,0.875,0.25,0.625,1.0,209599.125,94.588125,9.0,0.1875,0.1875,0.1875,0.375,0.375,0.2299301972870469,0.11458333333333333,0.14166666666666666,3.0,393.0,1933.0,1.0,1.0,0.0,393.0,0.0,0.0,0.0,0.0,1.0,9.125,10.5,6.25,1.0,0.0,1.0,1.0,217945.125,96.08,10.125,0.0625,0.125,0.0625,0.0625,0.0625,0.0,-0.0625,0.0625,0.125,0.125,0.25,0.125,0.0625,0.1875,0.125,0.0766433990956823,0.10493019728704689,0.028286798191364593,-0.05208333333333333,0.04166666666666667,0.09375,-0.05416666666666667,0.04999999999999999,0.10416666666666666,0.0,0.25,0.25,1.4918749999999932,15.533500000000004,14.04162500000001,1.125,1.875,0.75,8346.0,33490.0,25144.0,0.125,0.875,0.75
e8bda0fffef086c9317716a6157b3ecc3d421980fd6b8c660f5e563f9e724546,sphinx-doc/sphinx,NO_EXPLICIT_LOCATOR_CLUE,short_toctree_index,doc/contents.rst,.rst,2,785,54,2,6,1,1.0,1.0,1.0,1.0,1.0,1.0,0.2583333333333333,0.4083333333333333,4.0,0.0,0.0,0.0,0.0,0.0,0.0,0.0,0.0,0.0,0.0,0.0,7.125,6.75,1.0,1.0,1.0,1.0,1.0,130715.0,74.257375,7.375,1.0,1.0,1.0,1.0,1.0,1.0,0.275,0.4291666666666667,3.75,0.0,0.0,0.0,0.0,0.0,0.0,0.0,0.0,0.0,0.0,0.0,7.125,5.625,1.0,1.0,0.875,1.0,1.0,124874.0,69.364625,7.25,1.0,1.0,1.0,1.0,1.0,1.0,0.24166666666666667,0.3875,4.25,270.5,1009.375,1.125,1.125,0.125,215.0,55.5,0.0,0.0,0.0,0.9157814871016692,6.875,6.75,1.375,1.0,1.0,1.0,1.0,122558.625,69.066625,8.25,0.0,0.0,0.0,0.0,0.0,0.0,0.0,0.0,0.0,0.0,0.0,0.0,0.0,0.0,0.0,0.0,0.0,0.0,-0.033333333333333354,-0.016666666666666635,0.01666666666666672,-0.041666666666666685,-0.020833333333333315,0.02083333333333337,0.5,0.25,-0.25,-0.2980000000000018,-5.190749999999994,-4.892749999999992,1.0,0.875,-0.125,-2315.375,-8156.375,-5841.0,-0.25,-0.25,0.0
e96dc3d76cdca6b00059fd914f952d7db493c8a08a84196f49eb4ef77c889167,matplotlib/matplotlib,NO_EXPLICIT_LOCATOR_CLUE,curated_navigation_hub,doc/index.rst,.rst,2,2689,111,9,5,0,0.875,1.0,1.0,0.875,0.9375,0.9538662191964322,0.4479166666666667,0.6124999999999999,2.375,0.0,0.0,0.0,0.0,0.0,0.0,0.0,0.0,0.0,0.0,0.0,5.25,6.75,0.875,0.875,0.875,0.875,0.7708333333333334,93807.375,52.21825,5.25,0.875,1.0,1.0,0.875,0.9375,0.9538662191964322,0.5,0.6666666666666666,2.0,0.0,0.0,0.0,0.0,0.0,0.0,0.0,0.0,0.0,0.0,0.0,6.125,8.125,1.0,0.875,0.875,0.875,0.875,112529.875,58.7365,6.125,1.0,1.0,1.0,1.0,1.0,1.0,0.4791666666666667,0.6458333333333333,2.125,619.0,2689.0,1.0,1.0,0.0,619.0,0.0,0.0,0.0,0.0,1.0,5.0,7.625,1.5,1.0,1.0,1.0,1.0,105040.375,56.09875,6.0,0.125,0.125,0.0,0.0,0.0,0.0,0.0,0.0,0.0,0.125,0.125,0.0,0.0625,0.0625,0.0,0.04613378080356778,0.04613378080356778,0.0,-0.020833333333333315,0.03125,0.052083333333333315,-0.02083333333333337,0.033333333333333326,0.054166666666666696,0.125,-0.25,-0.375,-2.637749999999997,3.880500000000005,6.518250000000002,-0.125,0.75,0.875,-7489.5,11233.0,18722.5,-1.125,-0.25,0.875
eb330b93ba0c6f1add149336a23fba200738c604a7db8fa0ad4bf37bb247fbfc,matplotlib/matplotlib,EXPLICIT_LOCATOR_CLUE,curated_navigation_hub,doc/index.rst,.rst,2,2501,108,9,4,0,0.875,0.875,0.875,0.875,0.875,0.875,0.34375,0.4875,2.625,0.0,0.0,0.0,0.0,0.0,0.0,0.0,0.0,0.0,0.0,0.0,9.75,6.875,1.375,1.0,0.75,1.0,1.0,229365.75,107.726125,9.75,0.875,0.875,0.875,0.875,0.875,0.875,0.3854166666666667,0.5291666666666667,2.5,0.0,0.0,0.0,0.0,0.0,0.0,0.0,0.0,0.0,0.0,0.0,11.5,7.5,1.25,1.0,0.875,1.0,1.0,290905.75,138.408875,11.5,1.0,1.0,1.0,1.0,1.0,1.0,0.5,0.6666666666666666,2.0,576.0,2501.0,1.0,1.0,0.0,576.0,0.0,0.0,0.0,0.0,1.0,10.5,7.25,1.0,1.0,1.0,1.0,1.0,274961.25,122.595875,11.625,0.125,0.125,0.0,0.125,0.125,0.0,0.125,0.125,0.0,0.125,0.125,0.0,0.125,0.125,0.0,0.125,0.125,0.0,0.11458333333333331,0.15625,0.041666666666666685,0.13749999999999996,0.17916666666666664,0.041666666666666685,-0.5,-0.625,-0.125,-15.812999999999988,14.86975000000001,30.68275,0.125,1.875,1.75,-15944.5,45595.5,61540.0,-1.0,0.75,1.75
eb3faef61d6fa424e39b90da6df26d3a39d0b2d9f17702463ce31ca4cd247343,huggingface/transformers,EXPLICIT_LOCATOR_CLUE,large_reference_catalog,docs/source/en/index.mdx,.mdx,4,81988,430,5,389,0,0.25,0.375,0.375,0.25,0.2916666666666667,0.3125,0.15625,0.21666666666666667,3.375,0.0,0.0,0.0,0.0,0.0,0.0,0.0,0.0,0.0,0.0,0.0,7.5,6.125,5.125,0.5,0.0,0.5,0.875,165058.75,75.25675,7.5,0.25,0.25,0.25,0.25,0.25,0.25,0.09375,0.13333333333333333,3.375,0.0,0.0,0.0,0.0,0.0,0.0,0.0,0.0,0.0,0.0,0.0,6.375,5.5,4.75,0.375,0.0,0.375,0.875,144091.875,107.699,6.5,0.25,0.25,0.375,0.25,0.28125,0.25,0.15,0.20833333333333331,3.625,19534.0,67545.0,1.25,1.0,0.0,17154.0,2380.0,0.0,0.0,0.0,0.9146416347538829,7.375,6.875,6.0,0.5,0.0,0.5,1.0,261763.125,75.79675,8.875,0.0,0.0,0.0,0.0,-0.125,-0.125,0.125,0.0,-0.125,0.0,0.0,0.0,0.03125,-0.010416666666666685,-0.041666666666666685,0.0,-0.0625,-0.0625,0.056249999999999994,-0.0062500000000000056,-0.0625,0.07499999999999998,-0.00833333333333336,-0.08333333333333334,0.25,0.25,0.0,-31.902249999999995,0.5400000000000063,32.44225,2.375,1.375,-1.0,117671.25,96704.375,-20966.875,1.0,-0.125,-1.125
ed600ae40d9d77756c4cca2c97c5ea2b0f93ef0796846ef149a976f7dfe6683e,matplotlib/matplotlib,NO_EXPLICIT_LOCATOR_CLUE,curated_navigation_hub,doc/index.rst,.rst,2,2689,111,9,5,0,0.75,0.875,0.875,0.75,0.8125,0.8288662191964322,0.29166666666666663,0.4375,2.875,0.0,0.0,0.0,0.0,0.0,0.0,0.0,0.0,0.0,0.0,0.0,5.875,5.125,1.0,0.875,0.75,0.75,0.875,113431.0,65.648625,5.875,1.0,1.0,1.0,1.0,1.0,1.0,0.38541666666666663,0.55,2.75,0.0,0.0,0.0,0.0,0.0,0.0,0.0,0.0,0.0,0.0,0.0,7.125,6.125,1.25,1.0,0.75,1.0,1.0,133783.625,71.421125,7.25,1.0,1.0,1.0,1.0,1.0,1.0,0.3958333333333333,0.5625,2.625,619.0,2689.0,1.0,1.0,0.0,619.0,0.0,0.0,0.0,0.0,1.0,6.375,6.625,1.25,1.0,1.0,1.0,1.0,136754.125,75.005875,7.5,0.0,0.25,0.25,0.0,0.125,0.125,0.0,0.125,0.125,0.0,0.25,0.25,0.0,0.1875,0.1875,0.0,0.17113378080356778,0.17113378080356778,0.010416666666666685,0.10416666666666669,0.09375,0.012499999999999956,0.125,0.11250000000000004,-0.125,-0.25,-0.125,3.5847499999999997,9.357250000000008,5.772500000000008,0.25,1.625,1.375,2970.5,23323.125,20352.625,-0.75,0.5,1.25
ed713e639cf79a38ebb33197a2b4a28a7e01302b7eb59f4ba5a7e6265edfab30,huggingface/transformers,NO_EXPLICIT_LOCATOR_CLUE,large_reference_catalog,docs/source/en/index.md,.md,4,40381,331,4,274,0,1.0,1.0,1.0,1.0,1.0,1.0,0.5,0.6666666666666666,2.0,0.0,0.0,0.0,0.0,0.0,0.0,0.0,0.0,0.0,0.0,0.0,4.25,3.125,1.0,1.0,1.0,1.0,1.0,65307.25,32.213625,4.25,1.0,1.0,1.0,1.0,1.0,1.0,0.5,0.6666666666666666,2.0,0.0,0.0,0.0,0.0,0.0,0.0,0.0,0.0,0.0,0.0,0.0,4.875,3.125,1.25,1.0,0.75,1.0,1.0,83714.625,37.42975,4.875,1.0,1.0,1.0,1.0,1.0,1.0,0.5,0.6666666666666666,2.0,6038.0,28436.0,1.0,1.0,0.0,6038.0,0.0,0.0,0.0,0.0,1.0,4.625,4.625,1.25,1.0,1.0,1.0,1.0,118867.125,42.192625,5.625,0.0,0.0,0.0,0.0,0.0,0.0,0.0,0.0,0.0,0.0,0.0,0.0,0.0,0.0,0.0,0.0,0.0,0.0,0.0,0.0,0.0,0.0,0.0,0.0,0.0,0.0,0.0,4.762875000000001,9.979,5.216124999999998,0.75,1.375,0.625,35152.5,53559.875,18407.375,-0.25,0.375,0.625
eec860bc709d5ef662e0210f9b6eb35f8d22522e1faefaa61aba5277d3016225,huggingface/transformers,NO_EXPLICIT_LOCATOR_CLUE,large_reference_catalog,docs/source/en/index.md,.md,4,89493,496,5,456,0,0.0,0.0,0.0,0.0,0.0,0.0,0.0,0.0,3.25,0.0,0.0,0.0,0.0,0.0,0.0,0.0,0.0,0.0,0.0,0.0,8.75,4.625,4.625,0.0,0.0,0.0,0.875,206512.75,111.235375,8.75,0.0,0.0,0.0,0.0,0.0,0.0,0.0,0.0,2.875,0.0,0.0,0.0,0.0,0.0,0.0,0.0,0.0,0.0,0.0,0.0,9.5,6.0,4.875,0.375,0.0,0.0,1.0,239610.75,115.86987500000001,9.625,0.0,0.0,0.0,0.0,0.0,0.0,0.0,0.0,2.875,17251.0,59200.0,1.0,1.0,0.0,17251.0,0.0,0.0,0.0,0.0,1.0,10.0,6.25,6.25,0.125,0.0,0.0,0.9583333333333334,349707.75,183.399125,11.125,0.0,0.0,0.0,0.0,0.0,0.0,0.0,0.0,0.0,0.0,0.0,0.0,0.0,0.0,0.0,0.0,0.0,0.0,0.0,0.0,0.0,0.0,0.0,0.0,0.0,-0.375,-0.375,67.52924999999999,72.16375,4.634500000000003,1.5,2.375,0.875,110097.0,143195.0,33098.0,0.5,1.25,0.75
f240d464581e92b5f5f164a5f69350f92bbb73f8026c233b368a7f575e12b21a,ansible/ansible,NO_EXPLICIT_LOCATOR_CLUE,curated_navigation_hub,docs/docsite/rst/core_index.rst,.rst,4,4349,90,2,0,6,1.0,1.0,1.0,1.0,1.0,1.0,0.5208333333333334,0.6666666666666666,2.125,0.0,0.0,0.0,0.0,0.0,0.0,0.0,0.0,0.0,0.0,0.0,5.875,4.5,0.875,0.875,0.875,0.875,0.875,108976.0,48.8005,6.125,1.0,1.0,1.0,1.0,1.0,1.0,0.5833333333333334,0.7083333333333333,2.0,0.0,0.0,0.0,0.0,0.0,0.0,0.0,0.0,0.0,0.0,0.0,4.375,3.75,0.875,0.75,0.75,0.75,0.75,70994.5,41.622,4.5,1.0,1.0,1.0,1.0,1.0,1.0,0.4375,0.6041666666666666,2.375,937.0,4349.0,1.0,1.0,0.0,937.0,0.0,0.0,0.0,0.0,1.0,6.0,5.0,1.125,1.0,1.0,1.0,1.0,120363.75,58.78625,7.375,0.0,0.0,0.0,0.0,0.0,0.0,0.0,0.0,0.0,0.0,0.0,0.0,0.0,0.0,0.0,0.0,0.0,0.0,-0.14583333333333337,-0.08333333333333337,0.0625,-0.10416666666666663,-0.0625,0.04166666666666663,0.375,0.25,-0.125,17.164250000000003,9.985750000000003,-7.1785,2.875,1.25,-1.625,49369.25,11387.75,-37981.5,1.625,0.125,-1.5
f3a34c351d14d87dc7a28a3f627356bba8dee7b21457d2adc4d62736d567c44f,django/django,EXPLICIT_LOCATOR_CLUE,detailed_topical_map,docs/index.txt,.txt,2,12351,346,17,5,0,1.0,1.0,1.0,1.0,1.0,1.0,0.4791666666666667,0.6458333333333333,2.125,58.625,261.5,0.125,0.125,0.125,58.625,0.0,0.0,0.0,0.0,0.125,6.125,5.125,1.0,1.0,1.0,1.0,0.9583333333333334,117143.25,49.784,6.25,1.0,1.0,1.0,1.0,1.0,1.0,0.5,0.6666666666666666,2.0,294.125,1152.75,0.125,0.125,0.0,294.125,0.0,0.0,0.0,0.0,0.125,6.375,4.625,1.375,1.0,0.875,1.0,1.0,114629.75,45.508874999999996,6.5,1.0,1.0,1.0,1.0,1.0,1.0,0.4791666666666667,0.6458333333333333,2.125,2182.875,8611.75,1.125,1.25,0.125,2102.0,80.875,0.0,0.0,0.0,0.9708243145743146,6.0,4.375,1.125,1.0,0.875,1.0,1.0,120118.5,51.692625,7.125,0.0,0.0,0.0,0.0,0.0,0.0,0.0,0.0,0.0,0.0,0.0,0.0,0.0,0.0,0.0,0.0,0.0,0.0,-0.020833333333333315,0.0,0.020833333333333315,-0.02083333333333337,0.0,0.02083333333333337,0.125,0.0,-0.125,6.183750000000003,1.9086250000000007,-4.275125000000003,0.625,0.875,0.25,5488.75,2975.25,-2513.5,-0.375,-0.125,0.25
f8126c35ff0d4a7200881765ac8cb2a9af2f5b93bcdcbb99b788800d3dee68bb,huggingface/transformers,EXPLICIT_LOCATOR_CLUE,large_reference_catalog,docs/source/en/index.md,.md,4,42391,346,4,289,0,1.0,1.0,1.0,1.0,1.0,1.0,0.625,0.75,1.75,0.0,0.0,0.0,0.0,0.0,0.0,0.0,0.0,0.0,0.0,0.0,3.125,2.375,1.125,0.75,0.5,0.75,0.75,47142.25,23.471875,3.125,1.0,1.0,1.0,1.0,1.0,1.0,0.625,0.75,1.75,0.0,0.0,0.0,0.0,0.0,0.0,0.0,0.0,0.0,0.0,0.0,3.25,2.75,1.0,0.75,0.75,0.75,0.75,54111.0,23.411875000000002,3.25,1.0,1.0,1.0,1.0,1.0,1.0,0.5,0.6666666666666666,2.0,6088.75,28586.5,1.125,1.125,0.125,5981.0,107.75,0.0,0.0,0.0,0.9844179320318149,4.375,3.0,1.125,1.0,1.0,1.0,1.0,96529.875,33.40475,5.5,0.0,0.0,0.0,0.0,0.0,0.0,0.0,0.0,0.0,0.0,0.0,0.0,0.0,0.0,0.0,0.0,0.0,0.0,-0.125,-0.125,0.0,-0.08333333333333337,-0.08333333333333337,0.0,0.25,0.25,0.0,9.992874999999998,9.932875,-0.05999999999999872,2.25,2.375,0.125,42418.875,49387.625,6968.75,1.125,1.25,0.125
fba3c704749255a3988d9fe43293f68d8a9a993bcbc3fa6d92363be7909d5cf1,huggingface/transformers,EXPLICIT_LOCATOR_CLUE,large_reference_catalog,docs/source/index.rst,.rst,3,10086,186,3,0,5,1.0,1.0,1.0,1.0,1.0,1.0,0.625,0.75,1.75,0.0,0.0,0.0,0.0,0.0,0.0,0.0,0.0,0.0,0.0,0.0,3.875,3.375,1.125,0.625,0.5,0.5,0.625,69192.625,32.236,3.875,1.0,1.0,1.0,1.0,1.0,1.0,0.4791666666666667,0.6458333333333333,2.125,0.0,0.0,0.0,0.0,0.0,0.0,0.0,0.0,0.0,0.0,0.0,4.625,4.125,1.125,0.75,0.75,0.75,0.75,75420.25,32.325375,4.625,1.0,1.0,1.0,1.0,1.0,1.0,0.5625,0.7083333333333333,1.875,2754.0,10086.0,1.0,1.0,0.0,2754.0,0.0,0.0,0.0,0.0,1.0,5.75,5.375,1.625,1.0,0.875,1.0,1.0,121360.5,47.033625,6.75,0.0,0.0,0.0,0.0,0.0,0.0,0.0,0.0,0.0,0.0,0.0,0.0,0.0,0.0,0.0,0.0,0.0,0.0,0.08333333333333331,-0.0625,-0.14583333333333331,0.0625,-0.04166666666666674,-0.10416666666666674,-0.25,0.125,0.375,14.70825,14.797625000000004,0.08937500000000398,2.125,2.875,0.75,45940.25,52167.875,6227.625,1.125,1.875,0.75
fc2ac9d490452624239cc1bd7334381f3f058b8793dd5110f9fa94cc2c58aed6,huggingface/transformers,NO_EXPLICIT_LOCATOR_CLUE,large_reference_catalog,docs/source/en/index.mdx,.mdx,4,83720,438,5,397,0,0.25,0.5,0.5,0.25,0.3541666666666667,0.3913662191964322,0.22916666666666666,0.3125,2.25,0.0,0.0,0.0,0.0,0.0,0.0,0.0,0.0,0.0,0.0,0.0,6.5,5.25,3.375,0.625,0.0,0.625,0.8333333333333334,145841.125,76.4195,6.625,0.375,0.375,0.375,0.375,0.375,0.375,0.14583333333333331,0.20833333333333331,2.25,0.0,0.0,0.0,0.0,0.0,0.0,0.0,0.0,0.0,0.0,0.0,6.0,5.625,3.5,0.875,0.375,0.75,1.0,116254.75,66.266625,6.125,0.25,0.375,0.375,0.25,0.2916666666666667,0.3125,0.16666666666666666,0.22916666666666666,2.25,16894.5,57941.0,1.0,1.0,0.0,16894.5,0.0,0.0,0.0,0.0,1.0,7.75,7.0,4.25,0.875,0.375,0.875,1.0,252905.75,80.924125,8.75,-0.125,0.0,0.125,0.0,-0.125,-0.125,0.0,-0.125,-0.125,-0.125,0.0,0.125,-0.08333333333333331,-0.0625,0.020833333333333315,-0.0625,-0.07886621919643222,-0.01636621919643222,0.020833333333333343,-0.0625,-0.08333333333333334,0.020833333333333343,-0.08333333333333334,-0.10416666666666669,0.0,0.0,0.0,14.657499999999999,4.504625000000004,-10.152874999999995,2.625,2.125,-0.5,136651.0,107064.625,-29586.375,1.75,1.25,-0.5
fd11bfb47e75cff113209985baefba5baf68e73c1e8d36e62c33a720d6e79a43,sphinx-doc/sphinx,EXPLICIT_LOCATOR_CLUE,curated_navigation_hub,doc/index.rst,.rst,2,3539,117,5,8,4,1.0,1.0,1.0,1.0,1.0,1.0,0.38958333333333334,0.5499999999999999,2.875,0.0,0.0,0.0,0.0,0.0,0.0,0.0,0.0,0.0,0.0,0.0,7.5,7.5,0.875,0.875,0.75,0.75,0.875,160558.125,72.049125,7.75,1.0,1.0,1.0,1.0,1.0,1.0,0.4270833333333333,0.5916666666666667,2.5,0.0,0.0,0.0,0.0,0.0,0.0,0.0,0.0,0.0,0.0,0.0,7.25,8.875,1.0,1.0,0.75,1.0,1.0,160565.625,68.65775,7.25,1.0,1.0,1.0,1.0,1.0,1.0,0.4791666666666667,0.6458333333333333,2.125,815.0,3539.0,1.0,1.0,0.0,815.0,0.0,0.0,0.0,0.0,1.0,9.625,8.375,1.125,1.0,0.875,1.0,1.0,178330.75,72.6375,10.875,0.0,0.0,0.0,0.0,0.0,0.0,0.0,0.0,0.0,0.0,0.0,0.0,0.0,0.0,0.0,0.0,0.0,0.0,0.05208333333333337,0.08958333333333335,0.03749999999999998,0.054166666666666585,0.09583333333333333,0.04166666666666674,-0.375,-0.75,-0.375,3.97975000000001,0.5883749999999992,-3.3913750000000107,3.625,3.125,-0.5,17765.125,17772.625,7.5,2.375,2.125,-0.25
